Provider Ticket,Broker Ticket,Type,Currency,Standard Lots,Date Open,Date Close,Price Open,Price Close,Highest Profit (Pips),Worst Drawdown (Pips),Interest ($),Profit (Pips),Profit ($)
400.1345410548252,14345957,BUY,USD/CAD,1,2012/08/21 10:41:35,2012/08/21 23:57:15,0.98548,0.9897,44,-14,0,42.2,426.39
400.1344807031910,14268509,SELL,GBP/USD,1,2012/08/16 06:12:32,2012/08/16 08:30:01,1.5636,1.5682,0,-46,0,-46,-460
400.1343746847989,14049435,SELL,EUR/USD,1,2012/08/03 14:30:51,2012/08/06 07:39:13,1.23408,1.2356,17,-104,0.62,-15.2,-151.38
400.1343746863125,14050361,SELL,EUR/USD,1,2012/08/03 15:06:12,2012/08/06 07:22:13,1.23447,1.23653,3,-100,0.62,-20.6,-205.38
400.1343746865891,14050638,SELL,EUR/USD,1,2012/08/03 15:14:01,2012/08/06 07:04:25,1.23541,1.23689,0,-91,0.62,-14.8,-147.38
400.1343746868257,14050928,SELL,EUR/USD,1,2012/08/03 15:19:08,2012/08/06 07:04:21,1.23645,1.23689,2,-80,0.62,-4.4,-43.38
400.1343746817103,14043810,BUY,USD/JPY,1,2012/08/03 13:18:30,2012/08/03 15:18:31,78.699,78.545,3,-17,0,-15.4,-196.07
400.1343746361464,14024155,SELL,EUR/USD,1,2012/08/02 18:27:57,2012/08/03 12:08:59,1.21686,1.22499,1,-125,0.61,-81.3,-812.39
400.1343746669637,14031164,SELL,EUR/USD,1,2012/08/03 07:34:24,2012/08/03 12:07:01,1.22034,1.22524,9,-90,0,-49,-490
400.1343746713894,14033111,SELL,EUR/USD,1,2012/08/03 09:25:37,2012/08/03 12:06:44,1.22205,1.22516,0,-73,0,-31.1,-311
400.1343746714263,14033295,SELL,EUR/USD,1,2012/08/03 09:27:06,2012/08/03 12:06:39,1.22294,1.22532,0,-64,0,-23.8,-238
400.1343746224806,14015340,BUY,AUD/USD,1,2012/08/02 13:01:40,2012/08/02 13:07:53,1.04665,1.04686,5,-14,0,2.1,21
400.1343746211362,14011655,SELL,AUD/USD,1,2012/08/02 12:36:19,2012/08/02 12:39:17,1.0568,1.05369,33,-2,0,31.1,311
400.1343746210920,14011316,SELL,AUD/USD,1,2012/08/02 12:35:07,2012/08/02 12:37:29,1.05615,1.05423,19,-20,0,19.2,192
400.1343746188948,14007526,BUY,EUR/USD,1,2012/08/02 11:52:16,2012/08/02 12:02:39,1.22935,1.2312,19,-6,0,18.5,185
400.1343604166917,13947962,SELL,AUD/USD,1,2012/07/31 05:18:51,2012/07/31 06:14:02,1.05309,1.05189,14,-5,0,12,120
400.1343603824841,13933740,SELL,AUD/USD,1,2012/07/30 13:46:42,2012/07/30 16:21:40,1.04959,1.04834,15,-13,0,12.5,125
400.1343603784463,13931185,SELL,AUD/USD,1,2012/07/30 12:05:58,2012/07/30 12:50:07,1.04936,1.04844,14,-6,0,9.2,92
400.1343595107184,13915545,SELL,AUD/USD,1,2012/07/29 21:45:28,2012/07/29 22:22:07,1.04802,1.04701,11,-5,0,10.1,101
400.1343056398262,13804764,SELL,AUD/USD,1,2012/07/25 12:25:31,2012/07/25 14:12:49,1.02933,1.02808,16,-18,0,12.5,125
400.1342387255141,13664245,SELL,AUD/USD,1,2012/07/19 00:26:51,2012/07/20 12:27:13,1.03729,1.03905,10,-72,-15.68,-17.6,-191.68
400.1342387332927,13671104,SELL,AUD/USD,1,2012/07/19 03:56:39,2012/07/20 12:25:21,1.03929,1.03914,8,-52,-15.68,1.5,-0.68
400.1342387992729,13712820,SELL,AUD/USD,1,2012/07/20 09:06:39,2012/07/20 09:56:25,1.04238,1.04138,11,-3,0,10,100
400.1342387414629,13677891,SELL,AUD/USD,1,2012/07/19 07:33:30,2012/07/20 04:45:10,1.04095,1.04065,12,-36,-15.68,3,14.32
400.1342387470957,13688046,SELL,AUD/USD,1,2012/07/19 10:00:08,2012/07/20 04:45:05,1.04172,1.04065,15,-28,-15.68,10.7,91.32
400.1342387085429,13659656,SELL,AUD/USD,1,2012/07/18 16:35:59,2012/07/18 18:42:10,1.03607,1.035,11,-4,0,10.7,107
400.1342386932899,13649434,SELL,EUR/USD,1,2012/07/18 10:00:10,2012/07/18 13:11:18,1.22333,1.22222,15,-15,0,11.1,111
400.1342386506730,13616494,BUY,EUR/USD,1,2012/07/17 14:33:18,2012/07/17 15:04:11,1.22127,1.22193,8,-25,0,6.6,66
400.1342385925925,13572056,SELL,EUR/USD,1,2012/07/16 12:03:37,2012/07/16 12:15:35,1.2186,1.2179,9,-3,0,7,70
400.1342385641227,13561746,SELL,GBP/USD,1,2012/07/15 22:48:56,2012/07/16 00:04:11,1.55897,1.55794,11,-5,0,10.3,103
400.1341782672499,13479047,BUY,EUR/USD,1,2012/07/12 07:19:27,2012/07/13 14:01:30,1.22236,1.22336,20,-62,-1.78,10,98.22
400.1341782742529,13488107,BUY,EUR/USD,1,2012/07/12 10:18:38,2012/07/13 03:32:35,1.22008,1.22061,15,-35,-1.78,5.3,51.22
400.1341782165826,13420985,SELL,GBP/USD,1,2012/07/11 08:58:31,2012/07/11 15:12:28,1.55571,1.55391,21,-22,0,18,180
400.1341782220945,13426756,SELL,GBP/USD,1,2012/07/11 11:24:16,2012/07/11 12:36:05,1.55754,1.55542,23,-1,0,21.2,212
400.1341781714805,13373538,BUY,USD/CHF,1,2012/07/10 12:55:16,2012/07/10 13:25:08,0.97804,0.9766,1,-15,0,-14.4,-147.45
400.1341781345281,13344788,SELL,EUR/USD,1,2012/07/09 20:32:34,2012/07/10 00:55:35,1.23192,1.2299,22,-4,0.21,20.2,202.21
400.1341178675070,13291680,BUY,EUR/USD,1,2012/07/06 12:47:21,2012/07/09 20:32:29,1.23545,1.23193,4,-101,-0.64,-35.2,-352.64
400.1341178719218,13296926,SELL,USD/CHF,1,2012/07/06 14:28:38,2012/07/09 12:50:43,0.97526,0.97657,0,-51,-3.92,-13.1,-138.06
400.1341178538341,13284200,BUY,EUR/USD,1,2012/07/06 07:02:45,2012/07/06 08:00:08,1.23711,1.2383,14,-6,0,11.9,119
400.1341178109852,13263327,SELL,AUD/USD,1,2012/07/05 12:39:22,2012/07/06 02:40:30,1.02614,1.02553,11,-42,-16.7,6.1,44.3
400.1341178111222,13263900,SELL,AUD/USD,1,2012/07/05 12:43:41,2012/07/06 02:40:25,1.02623,1.0255,12,-41,-16.7,7.3,56.3
400.1341178109748,13263261,SELL,AUD/USD,1,2012/07/05 12:38:42,2012/07/06 02:36:21,1.0264,1.02583,13,-39,-16.7,5.7,40.3
400.1341178109520,13263104,SELL,AUD/USD,1,2012/07/05 12:36:57,2012/07/06 02:35:02,1.02608,1.02589,10,-42,-16.7,1.9,2.3
400.1341178066272,13256346,BUY,AUD/USD,1,2012/07/05 11:01:40,2012/07/05 12:32:07,1.03184,1.0281,10,-37,0,-37.4,-374
400.1341178066438,13256512,BUY,AUD/USD,1,2012/07/05 11:02:57,2012/07/05 12:32:07,1.03072,1.0281,21,-26,0,-26.2,-262
400.1341177475680,13233704,SELL,GBP/USD,1,2012/07/04 10:10:09,2012/07/04 11:01:09,1.56538,1.56443,14,-5,0,9.5,95
400.1341176514423,13198285,BUY,EUR/USD,1,2012/07/02 17:34:16,2012/07/03 04:07:13,1.25851,1.26018,20,-13,-0.65,16.7,166.35
400.1340725515653,13140411,SELL,EUR/USD,1,2012/06/29 03:02:51,2012/06/29 03:03:40,1.26047,1.2585,20,-5,0,19.7,197
400.1340725076915,13116714,SELL,EUR/USD,1,2012/06/28 08:55:50,2012/06/29 02:49:21,1.24262,1.24704,11,-46,0.21,-44.2,-441.79
400.1340725081216,13117065,SELL,EUR/USD,1,2012/06/28 09:07:06,2012/06/29 02:49:17,1.24323,1.24716,17,-39,0.21,-39.3,-392.79
400.1340725139930,13120922,SELL,EUR/USD,1,2012/06/28 11:28:22,2012/06/28 11:55:52,1.24486,1.24314,20,-10,0,17.2,172
400.1340571993966,13067481,SELL,EUR/USD,1,2012/06/26 12:18:26,2012/06/26 12:53:23,1.24614,1.24726,4,-12,0,-11.2,-112
400.1340571907569,13062779,SELL,EUR/USD,1,2012/06/26 08:49:15,2012/06/26 09:41:18,1.2488,1.24981,5,-10,0,-10.1,-101
400.1340571426727,13044100,BUY,USD/JPY,1,2012/06/25 12:28:26,2012/06/25 22:18:31,79.674,79.598,4,-24,0,-7.6,-95.48
400.1340571287368,13032923,SELL,EUR/USD,1,2012/06/25 06:40:47,2012/06/25 09:25:01,1.25058,1.24917,19,-8,0,14.1,141
400.1340571285631,13032592,SELL,EUR/USD,1,2012/06/25 06:37:55,2012/06/25 09:21:34,1.24993,1.2493,13,-14,0,6.3,63
400.1340183995983,13014251,SELL,EUR/USD,1,2012/06/22 10:34:45,2012/06/25 05:39:23,1.25537,1.25267,30,-31,0.21,27,270.21
400.1340183595044,12993022,SELL,EUR/USD,1,2012/06/21 18:07:48,2012/06/21 18:16:12,1.25646,1.25611,6,-3,0,3.5,35
400.1339967425952,12918366,SELL,AUD/USD,1,2012/06/19 14:23:17,2012/06/21 02:23:26,1.01762,1.0172,41,-49,-70.03,4.2,-28.03
400.1339967420462,12917769,SELL,AUD/USD,1,2012/06/19 14:09:45,2012/06/20 16:32:15,1.01744,1.017,6,-37,-17.49,4.4,26.51
400.1340182832177,12946195,SELL,AUD/USD,1,2012/06/20 11:31:51,2012/06/20 12:50:45,1.0206,1.01942,15,-4,0,11.8,118
400.1339967462976,12921253,SELL,AUD/USD,1,2012/06/19 15:49:23,2012/06/19 18:50:21,1.01914,1.01771,17,-11,0,14.3,143
400.1339966792091,12880193,BUY,EUR/USD,1,2012/06/18 12:38:43,2012/06/18 14:23:10,1.26066,1.26009,4,-28,0,-5.7,-57
400.1339966630718,12868477,SELL,AUD/USD,1,2012/06/18 06:12:31,2012/06/18 07:23:37,1.01151,1.01023,16,-9,0,12.8,128
400.1339966495857,12863198,SELL,AUD/USD,1,2012/06/18 00:33:27,2012/06/18 01:45:49,1.01149,1.00929,22,-14,0,22,220
400.1339364460149,12851199,SELL,AUD/USD,1,2012/06/15 15:35:49,2012/06/15 16:24:07,1.00653,1.00547,11,-4,0,10.6,106
400.1339364160593,12832546,SELL,EUR/USD,1,2012/06/15 03:44:01,2012/06/15 07:28:35,1.2639,1.26256,24,-9,0,13.4,134
400.1339364013344,12829212,SELL,EUR/USD,1,2012/06/14 21:38:46,2012/06/15 00:49:11,1.26284,1.26163,13,-4,0.21,12.1,121.21
400.1339363689236,12809207,SELL,EUR/USD,1,2012/06/14 08:53:48,2012/06/14 10:16:49,1.2546,1.25653,3,-20,0,-19.3,-193
400.1339363625107,12804995,SELL,GBP/USD,1,2012/06/14 06:21:36,2012/06/14 06:49:25,1.54928,1.5481,19,-2,0,11.8,118
400.1339363263326,12790776,SELL,EUR/USD,1,2012/06/13 15:37:00,2012/06/13 15:51:49,1.26009,1.25936,8,-8,0,7.3,73
400.1339363191069,12784702,SELL,EUR/USD,1,2012/06/13 12:46:13,2012/06/13 13:48:38,1.25378,1.25278,20,-7,0,10,100
400.1339363167607,12782957,SELL,EUR/USD,1,2012/06/13 11:50:20,2012/06/13 13:41:03,1.25363,1.25241,19,-26,0,12.2,122
400.1339362637614,12759079,SELL,EUR/USD,1,2012/06/12 14:08:29,2012/06/12 15:13:52,1.24568,1.24784,13,-22,0,-21.6,-216
400.1339362215705,12736466,BUY,EUR/USD,1,2012/06/11 21:08:52,2012/06/11 23:56:05,1.24746,1.24765,4,-25,0,1.9,19
400.1339362240295,12737616,BUY,EUR/USD,1,2012/06/11 22:10:31,2012/06/11 22:40:17,1.24644,1.24709,7,-15,0,6.5,65
400.1339361630846,12701249,SELL,EUR/USD,1,2012/06/10 21:39:35,2012/06/11 07:25:10,1.266,1.26194,42,-10,0,40.6,406
400.1339361721108,12706697,SELL,GBP/USD,1,2012/06/11 01:20:17,2012/06/11 07:21:15,1.55537,1.55426,16,-21,0,11.1,111
400.1339361822260,12708562,SELL,EUR/USD,1,2012/06/11 05:37:38,2012/06/11 06:16:35,1.26445,1.26286,20,-4,0,15.9,159
400.1338759624520,12687723,BUY,GBP/USD,1,2012/06/08 09:09:38,2012/06/08 09:30:32,1.5414,1.54154,6,-6,0,1.4,14
400.1338759161918,12664683,SELL,USD/JPY,1,2012/06/07 14:30:38,2012/06/08 02:03:46,79.64,79.407,25,-12,-0.42,23.3,293.01
400.1338759394768,12676355,SELL,USD/JPY,1,2012/06/07 23:55:30,2012/06/08 00:33:50,79.742,79.592,17,-2,-0.42,15,188.04
400.1338758475329,12621245,SELL,AUD/USD,1,2012/06/06 11:06:24,2012/06/07 20:20:46,0.98614,0.99003,22,-142,-51.07,-38.9,-440.07
400.1338759081772,12658214,SELL,EUR/USD,1,2012/06/07 11:27:24,2012/06/07 14:19:56,1.25859,1.25629,26,-40,0,23,230
400.1338758938191,12647462,SELL,USD/JPY,1,2012/06/07 05:40:38,2012/06/07 09:01:36,79.447,79.451,19,-4,0,-0.4,-5.03
400.1338758394292,12615790,SELL,GBP/USD,1,2012/06/06 11:25:31,2012/06/06 11:39:02,1.5513,1.55063,7,-3,0,6.7,67
400.1338758386768,12615007,SELL,GBP/USD,1,2012/06/06 07:34:32,2012/06/06 09:21:15,1.54545,1.54485,7,-35,0,6,60
400.1338757400007,12566434,SELL,EUR/USD,1,2012/06/04 14:07:54,2012/06/05 06:49:41,1.24906,1.24951,17,-53,0.21,-4.5,-44.79
400.1338757631269,12575912,SELL,EUR/USD,1,2012/06/05 00:07:06,2012/06/05 06:41:33,1.25357,1.24994,37,-8,0,36.3,363
400.1338757388014,12565619,SELL,EUR/USD,1,2012/06/04 13:38:33,2012/06/04 13:43:44,1.24951,1.2487,9,-4,0,8.1,81
400.1338154602846,12494175,BUY,EUR/USD,1,2012/06/01 14:59:27,2012/06/01 15:38:57,1.2365,1.23826,20,-5,0,17.6,176
400.1338154590913,12492875,BUY,EUR/USD,1,2012/06/01 13:52:13,2012/06/01 14:10:18,1.241,1.24259,17,-19,0,15.9,159
400.1338154597239,12493389,BUY,EUR/USD,1,2012/06/01 13:57:47,2012/06/01 14:01:03,1.23946,1.24158,21,-4,0,21.2,212
400.1338154550527,12486979,BUY,EUR/USD,1,2012/06/01 12:15:31,2012/06/01 13:32:16,1.23229,1.24112,92,-36,0,88.3,883
400.1338154276751,12467093,BUY,EUR/USD,1,2012/06/01 00:56:46,2012/06/01 13:28:27,1.23448,1.24001,58,-58,0,55.3,553
400.1338154556854,12487930,BUY,EUR/USD,1,2012/06/01 12:31:23,2012/06/01 13:27:29,1.22984,1.23929,98,-12,0,94.5,945
400.1338154451245,12479864,BUY,GBP/USD,1,2012/06/01 08:28:02,2012/06/01 13:10:51,1.5305,1.53482,46,-37,0,43.2,432
400.1338153287068,12410536,BUY,EUR/USD,1,2012/05/30 07:58:08,2012/05/31 09:09:40,1.24584,1.24203,12,-101,-1.93,-38.1,-382.93
400.1338153319837,12412651,BUY,EUR/USD,1,2012/05/30 09:12:22,2012/05/31 08:41:47,1.24416,1.24146,29,-84,-1.93,-27,-271.93
400.1338153848455,12441341,BUY,GBP/USD,1,2012/05/31 07:09:15,2012/05/31 07:26:39,1.54898,1.54974,8,-5,0,7.6,76
400.1338153595506,12429498,BUY,EUR/USD,1,2012/05/30 20:26:56,2012/05/31 03:25:20,1.23676,1.23741,10,-10,-1.93,6.5,63.07
400.1338153447321,12420952,SELL,GBP/USD,1,2012/05/30 14:21:00,2012/05/30 14:48:21,1.55345,1.55267,10,-21,0,7.8,78
400.1338153451876,12421211,SELL,GBP/USD,1,2012/05/30 14:30:50,2012/05/30 14:37:40,1.55498,1.55344,15,-6,0,15.4,154
400.1338153135354,12400150,BUY,EUR/USD,1,2012/05/30 01:38:54,2012/05/30 06:31:35,1.24657,1.24722,11,-10,0,6.5,65
400.1338152801958,12381644,SELL,EUR/USD,1,2012/05/29 11:45:06,2012/05/29 12:09:08,1.25215,1.25212,4,-14,0,0.3,3
400.1338152693612,12376502,BUY,EUR/USD,1,2012/05/29 07:05:08,2012/05/29 09:14:52,1.25619,1.25606,12,-18,0,-1.3,-13
400.1338152221474,12364531,SELL,AUD/USD,1,2012/05/28 10:21:14,2012/05/28 11:46:37,0.9879,0.98737,8,-3,0,5.3,53
400.1338152051851,12358338,SELL,EUR/USD,1,2012/05/28 03:00:43,2012/05/28 08:08:20,1.25898,1.25752,18,-36,0,14.6,146
400.1338152113267,12360013,SELL,EUR/USD,1,2012/05/28 05:43:29,2012/05/28 06:05:45,1.2603,1.25967,7,-4,0,6.3,63
400.1337700197297,12346624,SELL,EUR/USD,1,2012/05/25 12:29:41,2012/05/25 12:36:14,1.25233,1.25088,15,-6,0,14.5,145
400.1337699797107,12331231,BUY,EUR/USD,1,2012/05/24 19:15:40,2012/05/24 19:31:19,1.25256,1.25412,17,-4,0,15.6,156
400.1337699547933,12315288,BUY,AUD/USD,1,2012/05/24 08:50:27,2012/05/24 09:14:41,0.97178,0.97395,25,-2,0,21.7,217
400.1337699519297,12313058,SELL,EUR/USD,1,2012/05/24 07:44:54,2012/05/24 07:57:48,1.25449,1.25419,9,-4,0,3,30
400.1337698727755,12272092,BUY,EUR/USD,1,2012/05/22 21:31:35,2012/05/23 12:36:08,1.26777,1.2654,8,-64,-0.63,-23.7,-237.63
400.1337698796380,12274470,BUY,EUR/USD,1,2012/05/23 00:23:25,2012/05/23 12:34:22,1.26611,1.26574,24,-47,0,-3.7,-37
400.1337698621616,12265495,BUY,AUD/USD,1,2012/05/22 17:45:23,2012/05/23 04:56:38,0.9838,0.97738,14,-98,5.6,-64.2,-636.4
400.1337547866515,12255175,SELL,EUR/USD,1,2012/05/22 09:05:51,2012/05/22 09:39:51,1.27602,1.27579,5,-14,0,2.3,23
400.1337547844050,12252501,SELL,GBP/USD,1,2012/05/22 08:08:15,2012/05/22 08:45:50,1.58341,1.58008,37,-4,0,33.3,333
400.1337547080673,12220759,SELL,EUR/USD,1,2012/05/20 21:02:19,2012/05/21 11:44:32,1.27653,1.2765,15,-49,0,0.3,3
400.1337547177919,12225690,SELL,EUR/USD,1,2012/05/21 01:36:59,2012/05/21 03:40:47,1.28085,1.27951,16,-5,0,13.4,134
400.1336944593458,12212771,SELL,GBP/USD,1,2012/05/18 12:30:50,2012/05/18 15:27:38,1.58266,1.58145,20,-12,0,12.1,121
400.1336944618045,12213501,SELL,GBP/USD,1,2012/05/18 13:31:12,2012/05/18 14:06:11,1.58325,1.58181,17,-6,0,14.4,144
400.1336944155225,12191279,BUY,GBP/USD,1,2012/05/17 15:07:28,2012/05/18 09:52:11,1.58114,1.58184,25,-80,0.62,7,70.62
400.1336943986835,12179630,BUY,GBP/USD,1,2012/05/17 12:30:39,2012/05/18 09:51:49,1.581,1.582,31,-79,0.62,10,100.62
400.1336944043760,12182313,BUY,GBP/USD,1,2012/05/17 09:53:33,2012/05/18 09:51:49,1.58782,1.582,2,-147,0.62,-58.2,-581.38
400.1336944293829,12198349,BUY,GBP/USD,1,2012/05/17 21:51:27,2012/05/18 09:45:29,1.5784,1.5805,25,-53,0.62,21,210.62
400.1336943748093,12163728,BUY,AUD/USD,1,2012/05/16 18:54:52,2012/05/17 00:05:56,0.99229,0.99327,10,-25,17.07,9.8,115.07
400.1336943651425,12158537,SELL,AUD/USD,1,2012/05/16 14:23:24,2012/05/16 15:05:54,0.99623,0.99278,38,-7,0,34.5,345
400.1336943549774,12152151,BUY,GBP/USD,1,2012/05/16 09:31:31,2012/05/16 10:43:18,1.59179,1.59236,8,-30,0,5.7,57
400.1336943483238,12146026,BUY,AUD/USD,1,2012/05/16 06:21:09,2012/05/16 09:20:42,0.9895,0.99194,27,-26,0,24.4,244
400.1336943393527,12137905,BUY,GBP/USD,1,2012/05/16 01:42:21,2012/05/16 08:15:38,1.59794,1.5971,0,-47,0,-8.4,-84
400.1336943510437,12148767,BUY,GBP/USD,1,2012/05/16 07:39:54,2012/05/16 08:04:11,1.59373,1.5966,29,-2,0,28.7,287
400.1336942644550,12091607,SELL,USD/CHF,1,2012/05/14 12:16:20,2012/05/15 07:51:22,0.93357,0.93367,0,-38,-1.4,-1,-12.11
400.1336942553574,12085602,BUY,AUD/USD,1,2012/05/14 07:38:53,2012/05/15 06:12:53,0.99856,1.00008,16,-41,5.71,15.2,157.71
400.1336942906387,12102466,BUY,AUD/USD,1,2012/05/15 01:42:29,2012/05/15 04:13:09,0.99582,0.99759,20,-9,0,17.7,177
400.1336942568009,12087399,BUY,AUD/USD,1,2012/05/14 08:24:17,2012/05/14 12:15:58,0.99687,0.99846,18,-7,0,15.9,159
400.1336339742303,12054186,BUY,GBP/USD,1,2012/05/11 10:26:18,2012/05/11 14:32:48,1.61047,1.61075,10,-44,0,2.8,28
400.1336339787165,12057084,BUY,GBP/USD,1,2012/05/11 12:37:47,2012/05/11 14:25:22,1.60926,1.6103,13,-32,0,10.4,104
400.1336339679292,12047153,BUY,GBP/USD,1,2012/05/11 07:21:26,2012/05/11 08:48:02,1.61055,1.61243,22,-6,0,18.8,188
400.1336339586196,12036255,BUY,GBP/USD,1,2012/05/11 05:41:20,2012/05/11 06:49:23,1.6115,1.61225,8,-18,0,7.5,75
400.1336339186998,12002245,SELL,AUD/USD,1,2012/05/10 07:01:52,2012/05/10 08:12:57,1.01189,1.00895,33,-3,0,29.4,294
400.1336338793969,11961033,BUY,USD/JPY,1,2012/05/09 11:34:40,2012/05/09 22:57:06,79.474,79.632,26,-5,0,15.8,198.41
400.1336338322199,11923508,BUY,GBP/USD,1,2012/05/08 12:25:31,2012/05/08 15:40:19,1.6137,1.61536,19,-12,0,16.6,166
400.1336338206484,11911621,BUY,GBP/USD,1,2012/05/08 06:49:15,2012/05/08 11:17:25,1.61581,1.61529,3,-34,0,-5.2,-52
400.1336338221224,11912886,BUY,GBP/USD,1,2012/05/08 07:32:40,2012/05/08 11:08:30,1.6143,1.61491,12,-19,0,6.1,61
400.1336338263604,11917541,BUY,GBP/USD,1,2012/05/08 09:33:04,2012/05/08 11:07:54,1.61281,1.61478,21,-4,0,19.7,197
400.1336338181484,11910119,SELL,AUD/USD,1,2012/05/08 05:39:16,2012/05/08 06:34:01,1.01929,1.0179,17,-3,0,13.9,139
400.1336337858254,11887597,SELL,EUR/USD,1,2012/05/07 13:20:18,2012/05/08 03:20:06,1.30453,1.30314,15,-21,0.21,13.9,139.21
400.1336337970750,11897084,SELL,AUD/USD,1,2012/05/07 18:55:41,2012/05/08 01:34:37,1.02093,1.01768,35,-10,-18.89,32.5,306.11
400.1336337860064,11888011,SELL,EUR/USD,1,2012/05/07 13:27:55,2012/05/07 13:55:57,1.3054,1.30445,10,-7,0,9.5,95
400.1336337568993,11855025,BUY,AUD/USD,1,2012/05/06 23:06:04,2012/05/07 06:11:21,1.01326,1.01464,15,-23,0,13.8,138
400.1336337592236,11857235,BUY,AUD/USD,1,2012/05/07 00:10:34,2012/05/07 03:16:00,1.01176,1.01375,22,-8,0,19.9,199
400.1335734916178,11835436,BUY,AUD/USD,1,2012/05/04 14:39:04,2012/05/04 16:10:53,1.01844,1.01949,12,-2,0,10.5,105
400.1335734931147,11837526,SELL,EUR/USD,1,2012/05/04 15:23:57,2012/05/04 15:45:56,1.31025,1.30894,18,-6,0,13.1,131
400.1335733809316,11732616,SELL,EUR/USD,1,2012/05/02 07:45:13,2012/05/03 05:18:01,1.31933,1.31469,70,-3,0.63,46.4,464.63
400.1335733948965,11748733,SELL,EUR/USD,1,2012/05/02 14:20:35,2012/05/03 02:10:23,1.31526,1.31391,15,-16,0.63,13.5,135.63
400.1335733808679,11732290,SELL,EUR/USD,1,2012/05/02 07:43:22,2012/05/02 09:26:39,1.32039,1.3143,66,-5,0,60.9,609
400.1335733797130,11730835,SELL,USD/JPY,1,2012/05/02 07:10:07,2012/05/02 07:25:49,80.575,80.483,10,-2,0,9.2,114.31
400.1335733323247,11695872,BUY,USD/JPY,1,2012/05/01 07:10:10,2012/05/01 23:07:07,79.671,80.141,62,-4,0,47,586.47
400.1335129965386,11647668,SELL,GBP/USD,1,2012/04/27 07:43:54,2012/05/01 04:35:57,1.61749,1.6226,1,-128,-4.81,-51.1,-515.81
400.1335129547256,11627335,SELL,GBP/USD,1,2012/04/27 09:40:53,2012/05/01 03:27:21,1.623,1.62305,15,-72,-4.81,-0.5,-9.81
400.1335130081119,11657979,SELL,GBP/USD,1,2012/04/27 13:15:08,2012/04/30 15:28:23,1.62488,1.62332,20,-54,-2.41,15.6,153.59
400.1335129910878,11642449,BUY,USD/JPY,1,2012/04/27 05:05:28,2012/04/27 07:37:49,80.883,80.619,4,-28,0,-26.4,-327.47
400.1335129463791,11621883,SELL,GBP/USD,1,2012/04/26 06:39:44,2012/04/27 06:20:28,1.61856,1.61574,29,-23,-2.39,28.2,279.61
400.1335129081800,11606678,SELL,EUR/USD,1,2012/04/25 11:33:31,2012/04/25 16:33:07,1.32038,1.31997,21,-23,0,4.1,41
400.1335128512094,11585643,SELL,GBP/USD,1,2012/04/24 06:50:07,2012/04/24 13:50:19,1.61361,1.61334,4,-29,0,2.7,27
400.1335128607866,11589840,SELL,GBP/USD,1,2012/04/24 11:38:19,2012/04/24 13:48:30,1.61608,1.6141,29,-3,0,19.8,198
400.1334664023093,11541836,SELL,GBP/USD,1,2012/04/20 10:46:56,2012/04/23 11:11:29,1.61118,1.60844,32,-40,-2.42,27.4,271.58
400.1334663948054,11528966,SELL,GBP/USD,1,2012/04/20 08:31:30,2012/04/23 07:14:10,1.6115,1.60914,28,-37,-2.42,23.6,233.58
400.1334663964306,11530483,BUY,EUR/USD,1,2012/04/20 08:01:17,2012/04/20 09:23:02,1.31763,1.31566,2,-30,0,-19.7,-197
400.1334663964724,11530695,BUY,EUR/USD,1,2012/04/20 08:04:07,2012/04/20 09:05:50,1.31673,1.31525,11,-19,0,-14.8,-148
400.1334663919635,11524900,BUY,EUR/USD,1,2012/04/20 05:48:38,2012/04/20 06:44:47,1.31651,1.31456,0,-21,0,-19.5,-195
400.1334663302556,11496026,SELL,GBP/USD,1,2012/04/18 22:12:46,2012/04/19 11:35:52,1.60162,1.60151,2,-63,-7.21,1.1,3.79
400.1334663472219,11499775,SELL,GBP/USD,1,2012/04/19 07:08:18,2012/04/19 10:24:11,1.60595,1.60363,24,-19,0,23.2,232
400.1334523717328,11439345,BUY,GBP/USD,1,2012/04/17 06:30:30,2012/04/17 07:07:09,1.5867,1.5885,18,-6,0,18,180
400.1334523533974,11430751,SELL,EUR/USD,1,2012/04/16 20:49:47,2012/04/17 06:31:58,1.31418,1.30987,46,-3,0.13,43.1,431.13
400.1334523115211,11395107,BUY,AUD/USD,1,2012/04/15 23:35:48,2012/04/16 09:50:32,1.03582,1.03514,0,-48,0,-6.8,-68
400.1334523123448,11395920,BUY,AUD/USD,1,2012/04/16 00:00:39,2012/04/16 09:36:25,1.0345,1.03451,3,-35,0,0.1,1
400.1333919858682,11336156,SELL,GBP/USD,1,2012/04/12 06:19:08,2012/04/13 07:57:11,1.59274,1.59348,12,-59,-2.39,-7.4,-76.39
400.1333920228769,11361338,SELL,GBP/USD,1,2012/04/13 00:58:53,2012/04/13 04:05:13,1.59674,1.59418,28,-4,0,25.6,256
400.1333920033085,11350266,SELL,GBP/USD,1,2012/04/12 14:54:17,2012/04/12 16:28:57,1.59564,1.59516,22,-4,0,4.8,48
400.1333919424710,11303004,SELL,GBP/USD,1,2012/04/11 08:30:58,2012/04/11 09:09:27,1.59086,1.58878,27,-5,0,20.8,208
400.1333919382415,11298171,SELL,GBP/USD,1,2012/04/11 06:25:47,2012/04/11 08:00:55,1.58988,1.58867,13,-32,0,12.1,121
400.1333918748556,11240902,SELL,GBP/USD,1,2012/04/09 22:40:16,2012/04/10 08:17:31,1.58994,1.58558,46,-33,-2.39,43.6,433.61
400.1333315110643,11152600,BUY,EUR/USD,1,2012/04/05 09:32:41,2012/04/06 12:32:21,1.3091,1.31,10,-57,-0.39,9,89.61
400.1333315123723,11158856,BUY,EUR/USD,1,2012/04/05 10:06:50,2012/04/06 06:11:25,1.30621,1.30726,20,-28,-0.39,10.5,104.61
400.1333314432911,11103324,SELL,EUR/USD,1,2012/04/03 22:49:35,2012/04/04 11:12:18,1.32233,1.31589,67,-12,0.13,64.4,644.13
400.1333313774108,11059888,BUY,USD/CHF,1,2012/04/02 13:20:23,2012/04/03 09:36:35,0.90703,0.90031,0,-68,0.26,-67.2,-746.15
400.1333313660494,11050769,BUY,EUR/USD,1,2012/04/02 07:40:06,2012/04/02 12:07:35,1.33683,1.332,11,-49,0,-48.3,-483
400.1332857989202,11012117,BUY,EUR/USD,1,2012/03/30 00:45:25,2012/03/30 13:00:53,1.33334,1.33386,42,-10,0,5.2,52
400.1332858015413,11015018,SELL,AUD/USD,1,2012/03/30 02:06:10,2012/03/30 03:14:53,1.04029,1.03967,9,-12,0,6.2,62
400.1332857313514,10968272,BUY,GBP/USD,1,2012/03/28 13:47:48,2012/03/28 14:27:23,1.58835,1.58519,5,-32,0,-31.6,-316
400.1332710414239,10893192,BUY,GBP/USD,1,2012/03/26 11:15:51,2012/03/27 01:24:31,1.58869,1.59672,85,-12,0.65,80.3,803.65
400.1332710362585,10888495,SELL,EUR/USD,1,2012/03/26 08:42:33,2012/03/26 11:08:16,1.32075,1.3247,14,-40,0,-39.5,-395
400.1332710166548,10875428,SELL,AUD/USD,1,2012/03/25 22:15:16,2012/03/26 06:39:36,1.04814,1.0431,50,-9,0,50.4,504
400.1332160441524,10855942,BUY,EUR/USD,1,2012/03/23 09:23:51,2012/03/26 06:29:41,1.32677,1.32538,16,-47,-1.74,-13.9,-140.74
400.1332159967360,10814984,SELL,EUR/USD,1,2012/03/22 08:31:49,2012/03/22 16:01:45,1.31624,1.32,27,-38,0,-37.6,-376
400.1332159641730,10790972,SELL,EUR/USD,1,2012/03/21 15:05:20,2012/03/21 16:09:44,1.31889,1.32019,9,-13,0,-13,-130
400.1332158755169,10713086,SELL,GBP/USD,1,2012/03/19 15:56:56,2012/03/19 22:28:31,1.59006,1.58944,17,-15,0,6.2,62
400.1331501765984,10672283,BUY,EUR/USD,1,2012/03/16 10:53:03,2012/03/16 11:07:08,1.30557,1.30668,130,-4,0,11.1,111
400.1331501110756,10641984,SELL,USD/JPY,1,2012/03/15 00:24:24,2012/03/15 11:44:04,83.951,83.327,69,-24,0,62.4,748.86
400.1331501102303,10641469,SELL,USD/JPY,1,2012/03/14 23:58:35,2012/03/15 11:29:55,83.837,83.3,55,-35,-1.26,53.7,643.4
400.1331501163488,10644518,SELL,USD/JPY,1,2012/03/15 03:16:32,2012/03/15 10:45:48,84.077,83.463,66,-9,0,61.4,735.66
400.1331500992977,10638182,SELL,USD/JPY,1,2012/03/14 17:58:49,2012/03/15 10:40:16,83.637,83.538,13,-55,-1.26,9.9,117.25
400.1331500755729,10619324,SELL,EUR/USD,1,2012/03/14 05:49:42,2012/03/14 11:01:29,1.30523,1.308,20,-28,0,-27.7,-277
400.1331499980388,10580940,BUY,USD/CHF,1,2012/03/12 13:44:40,2012/03/13 11:04:42,0.91865,0.91946,14,-47,0.26,8.1,88.36
400.1330899958570,10549965,BUY,EUR/USD,1,2012/03/09 13:51:54,2012/03/12 01:27:28,1.31397,1.30869,12,-56,-1.72,-52.8,-529.72
400.1330899953219,10548779,BUY,USD/JPY,1,2012/03/09 13:40:22,2012/03/09 13:42:06,82.136,82.276,18,-1,0,14,170.16
400.1330899406405,10498937,SELL,EUR/USD,1,2012/03/08 09:33:01,2012/03/09 08:01:28,1.32003,1.32198,0,-92,0.53,-19.5,-194.47
400.1330899452889,10503801,SELL,EUR/USD,1,2012/03/08 11:50:14,2012/03/09 07:53:29,1.32362,1.32237,15,-56,0.53,12.5,125.53
400.1330899461036,10504847,SELL,EUR/USD,1,2012/03/08 12:16:30,2012/03/09 06:29:10,1.32441,1.32354,18,-48,0.53,8.7,87.53
400.1330899398419,10497698,SELL,GBP/USD,1,2012/03/08 09:13:38,2012/03/08 11:17:50,1.5794,1.57919,3,-39,0,2.1,21
400.1330898519909,10345626,SELL,GBP/USD,1,2012/03/06 10:30:49,2012/03/06 14:33:21,1.57736,1.57658,23,-26,0,7.8,78
400.1330898046595,10246413,BUY,EUR/USD,1,2012/03/05 09:09:03,2012/03/05 12:31:54,1.31746,1.32024,32,-15,0,27.8,278
400.1330898031026,10242900,BUY,GBP/USD,1,2012/03/05 08:24:15,2012/03/05 12:08:35,1.57926,1.58167,36,-8,0,24.1,241
400.1330898023931,10241071,BUY,GBP/USD,1,2012/03/05 08:02:19,2012/03/05 08:52:20,1.58048,1.58112,8,-20,0,6.4,64
400.1330295079029,10201699,BUY,EUR/USD,1,2012/03/02 15:04:10,2012/03/05 07:08:44,1.319,1.32026,27,-8,-0.17,12.6,125.83
400.1330295039292,10198033,SELL,USD/CHF,1,2012/03/02 12:06:18,2012/03/05 07:08:38,0.9125,0.91304,4,-26,-1.4,-5.4,-60.54
400.1330294946320,10186555,SELL,USD/JPY,1,2012/03/02 04:05:30,2012/03/02 11:30:09,81.479,81.479,5,-24,0,0,0
400.1330295017053,10194402,SELL,USD/JPY,1,2012/03/02 07:56:31,2012/03/02 11:05:38,81.611,81.502,14,-11,0,10.9,133.74
400.1330294689827,10165314,BUY,EUR/USD,1,2012/03/01 14:00:11,2012/03/01 20:17:22,1.32927,1.33134,44,-2,0,20.7,207
400.1330293709146,10058006,SELL,USD/CHF,1,2012/02/28 09:31:00,2012/02/28 10:00:39,0.89746,0.89704,8,-2,0,4.2,46.82
400.1330293684643,10054435,BUY,USD/CHF,1,2012/02/28 08:14:19,2012/02/28 09:07:32,0.89614,0.89667,5,-12,0,5.3,59.11
400.1330293603484,10045686,BUY,USD/JPY,1,2012/02/28 03:48:08,2012/02/28 06:30:02,80.18,80.623,46,-4,0,44.3,549.47
400.1330293324459,10017260,BUY,EUR/USD,1,2012/02/27 12:30:14,2012/02/27 15:45:05,1.33922,1.3413,21,-27,0,20.8,208
400.1329690293535,9973026,SELL,EUR/USD,1,2012/02/24 12:00:46,2012/02/27 10:25:26,1.34119,1.34146,7,-75,-0.17,-2.7,-27.17
400.1329690421696,9988232,SELL,EUR/USD,1,2012/02/24 18:49:15,2012/02/27 10:21:19,1.34649,1.34194,51,-16,-0.17,45.5,454.83
400.1330293268857,10010374,BUY,USD/JPY,1,2012/02/27 09:33:51,2012/02/27 10:03:25,80.647,80.636,0,-34,0,-1.1,-13.64
400.1329689297414,9877697,SELL,USD/JPY,1,2012/02/22 05:31:16,2012/02/24 19:34:36,80.063,80.936,20,-87,-1.68,-87.3,-1080.31
400.1329689365662,9883727,SELL,USD/JPY,1,2012/02/22 09:11:42,2012/02/23 22:38:18,80.216,79.962,35,-20,-1.26,25.4,316.39
400.1329688819008,9819673,BUY,EUR/USD,1,2012/02/21 03:12:35,2012/02/21 07:23:00,1.32911,1.32525,1,-44,0,-38.6,-386
400.1329085414031,9756309,SELL,USD/JPY,1,2012/02/17 13:03:52,2012/02/21 07:16:40,79.219,79.8,0,-68,-0.84,-58.1,-728.91
400.1329688295795,9770295,SELL,EUR/USD,1,2012/02/19 22:00:08,2012/02/21 02:51:59,1.31771,1.32536,1,-101,-0.17,-76.5,-765.17
400.1329688544845,9795248,SELL,EUR/USD,1,2012/02/20 11:53:56,2012/02/21 02:51:08,1.32682,1.32473,80,-10,-0.17,20.9,208.83
400.1329688544887,9795302,SELL,EUR/USD,1,2012/02/20 11:54:53,2012/02/20 23:59:27,1.3268,1.32067,67,-10,0,61.3,613
400.1329085425272,9757852,SELL,EUR/USD,1,2012/02/17 13:39:16,2012/02/17 17:54:00,1.31728,1.31541,33,-26,0,18.7,187
400.1329084878031,9701449,BUY,EUR/USD,1,2012/02/16 07:01:48,2012/02/16 15:05:31,1.29987,1.30392,44,-25,0,40.5,405
400.1329084078563,9602144,SELL,USD/JPY,1,2012/02/14 09:43:48,2012/02/15 14:55:30,78.158,78.259,19,-51,-0.42,-10.1,-129.48
400.1329084544607,9659803,SELL,USD/JPY,1,2012/02/15 12:03:15,2012/02/15 14:50:30,78.572,78.265,32,-5,0,30.7,392.26
400.1329083650114,9567995,SELL,AUD/USD,1,2012/02/13 08:54:30,2012/02/14 03:30:04,1.07741,1.06735,106,-3,-19.79,100.6,986.21
400.1329083644502,9567592,SELL,AUD/USD,1,2012/02/13 08:35:13,2012/02/14 02:04:38,1.07675,1.06882,82,-12,-19.79,79.3,773.21
400.1329083636735,9566960,SELL,AUD/USD,1,2012/02/13 08:10:40,2012/02/13 15:49:06,1.07532,1.07309,28,-26,0,22.3,223
400.1328480662206,9539166,BUY,AUD/USD,1,2012/02/10 05:04:45,2012/02/12 22:24:36,1.0704,1.069,12,-65,6.12,-14,-133.88
400.1328480405448,9526782,SELL,GBP/USD,1,2012/02/09 13:36:53,2012/02/10 00:33:18,1.58478,1.58101,41,-25,-2.43,37.7,374.57
400.1328480408710,9527266,SELL,GBP/USD,1,2012/02/09 13:45:43,2012/02/09 23:56:46,1.58632,1.58102,56,-10,0,53,530
400.1328480398748,9525851,BUY,EUR/USD,1,2012/02/09 13:16:59,2012/02/09 13:40:09,1.32964,1.32588,11,-56,0,-37.6,-376
400.1328479986511,9503947,SELL,AUD/USD,1,2012/02/08 13:31:43,2012/02/08 14:36:59,1.08381,1.08201,19,-6,0,18,180
400.1328479398643,9473557,BUY,AUD/USD,1,2012/02/07 03:41:46,2012/02/07 04:50:26,1.07824,1.07914,16,-12,0,9,90
400.1328100668170,9440746,SELL,GBP/USD,1,2012/02/03 13:52:52,2012/02/03 14:17:26,1.57718,1.57657,19,-10,0,6.1,61
400.1328100667707,9440645,SELL,GBP/USD,1,2012/02/03 13:50:13,2012/02/03 14:16:19,1.5764,1.57594,11,-18,0,4.6,46
400.1328087428173,9398368,BUY,GBP/USD,1,2012/02/01 11:51:24,2012/02/01 12:42:59,1.57872,1.584,53,-12,0,52.8,528
400.1327874711999,9374990,SELL,EUR/USD,1,2012/01/31 10:25:28,2012/01/31 13:09:27,1.31826,1.31756,9,-26,0,7,70
400.1327874278669,9352928,BUY,AUD/USD,1,2012/01/30 10:15:26,2012/01/30 16:04:21,1.053,1.0579,49,-5,0,49,490
400.1327874275490,9352736,BUY,AUD/USD,1,2012/01/30 08:40:43,2012/01/30 16:04:21,1.05664,1.0579,13,-41,0,12.6,126
400.1327874319766,9355879,BUY,AUD/USD,1,2012/01/30 11:12:18,2012/01/30 15:51:23,1.05434,1.05636,22,-17,0,20.2,202
400.1327270752580,9320890,BUY,EUR/USD,1,2012/01/27 00:16:31,2012/01/27 10:05:37,1.30887,1.314,52,-12,0,51.3,513
400.1327270751654,9320807,BUY,EUR/USD,1,2012/01/27 00:26:14,2012/01/27 09:57:03,1.3083,1.31266,50,-6,0,43.6,436
400.1327270754934,9321055,BUY,EUR/USD,1,2012/01/27 00:25:37,2012/01/27 07:01:49,1.30859,1.31081,32,-9,0,22.2,222
400.1327270756108,9321109,BUY,EUR/USD,1,2012/01/27 00:27:36,2012/01/27 07:01:01,1.30836,1.3109,35,-7,0,25.4,254
400.1327270130241,9281267,SELL,USD/CHF,1,2012/01/25 12:26:08,2012/01/25 21:53:51,0.93299,0.92193,124,-10,0,110.6,1199.66
400.1327269934133,9270117,SELL,GBP/USD,1,2012/01/25 00:56:20,2012/01/25 12:36:53,1.5615,1.55599,79,-8,0,55.1,551
400.1327269933698,9270106,SELL,GBP/USD,1,2012/01/25 00:55:32,2012/01/25 12:36:42,1.56153,1.55602,79,-8,0,55.1,551
400.1327269933453,9270091,SELL,GBP/USD,1,2012/01/25 00:54:09,2012/01/25 12:27:25,1.56157,1.55623,80,-8,0,53.4,534
400.1327270084583,9276707,SELL,GBP/USD,1,2012/01/25 09:53:53,2012/01/25 12:24:17,1.55779,1.5562,20,-24,0,15.9,159
400.1327269934655,9270133,SELL,GBP/USD,1,2012/01/25 00:59:14,2012/01/25 09:38:24,1.56164,1.55569,80,-7,0,59.5,595
400.1327269674335,9255027,BUY,AUD/USD,1,2012/01/24 09:57:44,2012/01/24 17:57:28,1.04669,1.0478,12,-40,0,11.1,111
400.1327269739787,9259960,BUY,AUD/USD,1,2012/01/24 14:04:28,2012/01/24 17:57:28,1.0435,1.0478,44,-8,0,43,430
400.1327269272228,9232189,SELL,EUR/USD,1,2012/01/23 10:56:31,2012/01/24 09:09:38,1.29703,1.30424,0,-83,-0.17,-72.1,-721.17
400.1327269272344,9232212,SELL,EUR/USD,1,2012/01/23 10:58:12,2012/01/24 09:09:35,1.29716,1.30428,0,-82,-0.17,-71.2,-712.17
400.1327269272538,9232249,SELL,EUR/USD,1,2012/01/23 10:59:32,2012/01/24 09:09:24,1.29754,1.30468,0,-78,-0.17,-71.4,-714.17
400.1327269272872,9232409,SELL,EUR/USD,1,2012/01/23 11:00:35,2012/01/24 09:09:20,1.2977,1.30472,0,-77,-0.17,-70.2,-702.17
400.1326665495642,9180210,SELL,EUR/USD,1,2012/01/18 22:53:44,2012/01/20 14:16:02,1.2852,1.2924,12,-135,-0.67,-72,-720.67
400.1326665573377,9183322,SELL,EUR/USD,1,2012/01/19 03:29:19,2012/01/20 14:15:58,1.28729,1.29239,32,-114,-0.17,-51,-510.17
400.1326665735689,9191250,SELL,EUR/USD,1,2012/01/19 12:38:47,2012/01/20 14:12:39,1.29076,1.29181,31,-80,-0.17,-10.5,-105.17
400.1326665568462,9183126,SELL,EUR/USD,1,2012/01/19 12:53:16,2012/01/20 14:12:35,1.2925,1.29178,49,-62,-0.17,7.2,71.83
400.1326664723467,9132790,SELL,EUR/USD,1,2012/01/17 03:05:47,2012/01/17 14:41:53,1.27285,1.27187,16,-81,0,9.8,98
400.1326664725186,9132838,SELL,EUR/USD,1,2012/01/17 03:10:56,2012/01/17 14:41:49,1.27314,1.27189,19,-78,0,12.5,125
400.1326664719789,9132455,SELL,EUR/USD,1,2012/01/17 02:52:42,2012/01/17 14:27:36,1.27297,1.272,10,-80,0,9.7,97
400.1326664718886,9132389,SELL,EUR/USD,1,2012/01/17 02:49:50,2012/01/17 14:27:36,1.2725,1.272,5,-85,0,5,50
400.1326125980999,9097638,BUY,EUR/USD,1,2012/01/13 14:09:03,2012/01/13 20:36:21,1.27199,1.26764,1,-97,0,-43.5,-435
400.1326125984303,9098339,BUY,EUR/USD,1,2012/01/13 14:51:43,2012/01/13 20:36:12,1.2683,1.26769,12,-60,0,-6.1,-61
400.1326125981692,9097720,BUY,EUR/USD,1,2012/01/13 14:10:42,2012/01/13 20:35:10,1.27127,1.26769,0,-90,0,-35.8,-358
400.1326125982070,9097872,BUY,EUR/USD,1,2012/01/13 14:11:50,2012/01/13 20:35:04,1.27047,1.26769,2,-82,0,-27.8,-278
400.1326125879447,9088742,SELL,EUR/USD,1,2012/01/13 08:21:43,2012/01/13 09:24:49,1.28644,1.28388,36,-4,0,25.6,256
400.1326125854836,9086888,SELL,GBP/USD,1,2012/01/13 06:58:02,2012/01/13 09:02:19,1.53772,1.53467,33,-33,0,30.5,305
400.1326125850299,9086738,SELL,GBP/USD,1,2012/01/13 06:40:25,2012/01/13 09:02:16,1.53795,1.53472,35,-31,0,32.3,323
400.1326125841942,9086219,SELL,GBP/USD,1,2012/01/13 06:14:12,2012/01/13 08:48:32,1.53768,1.5355,23,-33,0,21.8,218
400.1326125856582,9087042,SELL,GBP/USD,1,2012/01/13 07:05:45,2012/01/13 08:15:13,1.53799,1.53668,16,-30,0,13.1,131
400.1326066139395,8982442,SELL,EUR/USD,1,2012/01/09 08:35:37,2012/01/11 10:32:41,1.2764,1.27542,42,-56,-10.77,9.8,87.23
400.1326066155809,8985507,SELL,EUR/USD,1,2012/01/09 08:36:19,2012/01/11 10:31:57,1.2767,1.27544,45,-52,-10.77,12.6,115.23
400.1326066155929,8985625,SELL,EUR/USD,1,2012/01/09 08:37:06,2012/01/11 04:57:48,1.2769,1.27442,47,-50,-10.77,24.8,237.23
400.1326066156180,8985673,SELL,EUR/USD,1,2012/01/09 08:37:56,2012/01/11 04:57:44,1.27655,1.27445,44,-54,-10.77,21,199.23
400.1326066011785,8969494,BUY,AUD/USD,1,2012/01/09 00:17:35,2012/01/09 06:41:28,1.0186,1.019,5,-42,0,4,40
400.1326059448099,8964341,BUY,AUD/USD,1,2012/01/08 23:36:22,2012/01/09 06:41:28,1.019,1.019,9,-46,0,0,0
400.1326059477882,8967695,BUY,AUD/USD,1,2012/01/08 23:38:16,2012/01/09 06:41:28,1.01839,1.019,15,-40,0,6.1,61
400.1326066013158,8969735,BUY,AUD/USD,1,2012/01/09 00:22:28,2012/01/09 06:41:28,1.01774,1.019,14,-33,0,12.6,126
400.1325673230236,8891714,BUY,AUD/USD,1,2012/01/05 11:42:45,2012/01/05 12:12:02,1.0248,1.02604,14,-2,0,12.4,124
400.1325488086543,8835748,BUY,EUR/USD,1,2012/01/04 08:09:40,2012/01/04 08:55:59,1.30631,1.30357,9,-28,0,-27.4,-274
400.1325488087460,8835902,BUY,EUR/USD,1,2012/01/04 08:12:40,2012/01/04 08:55:56,1.3064,1.30352,8,-29,0,-28.8,-288
400.1325488090683,8837084,BUY,EUR/USD,1,2012/01/04 08:25:34,2012/01/04 08:55:52,1.30623,1.30351,0,-28,0,-27.2,-272
400.1325488090825,8837127,BUY,EUR/USD,1,2012/01/04 08:26:52,2012/01/04 08:55:49,1.30614,1.30353,1,-27,0,-26.1,-261
400.1325488074910,8833876,SELL,GBP/USD,1,2012/01/04 07:28:10,2012/01/04 08:24:30,1.56474,1.56585,8,-22,0,-11.1,-111
400.1325488074642,8833851,SELL,GBP/USD,1,2012/01/04 07:27:18,2012/01/04 08:24:25,1.56471,1.56584,8,-23,0,-11.3,-113
400.1325488073784,8833822,SELL,GBP/USD,1,2012/01/04 07:25:58,2012/01/04 08:08:25,1.56465,1.56639,8,-19,0,-17.4,-174
400.1325488073215,8833777,SELL,GBP/USD,1,2012/01/04 07:24:39,2012/01/04 08:08:21,1.56479,1.56635,9,-18,0,-15.6,-156
400.1325487750276,8805421,SELL,AUD/USD,1,2012/01/03 11:39:49,2012/01/04 02:19:39,1.0359,1.03452,26,-29,-22.37,13.8,115.63
400.1325487750306,8805431,SELL,AUD/USD,1,2012/01/03 11:40:29,2012/01/04 02:19:33,1.03587,1.03452,26,-29,-22.37,13.5,112.63
400.1325487750759,8805444,SELL,AUD/USD,1,2012/01/03 11:41:34,2012/01/04 02:19:29,1.03594,1.0345,27,-28,-22.37,14.4,121.63
400.1325487751196,8805450,SELL,AUD/USD,1,2012/01/03 11:42:27,2012/01/04 02:19:26,1.03604,1.0345,28,-27,-22.37,15.4,131.63
400.1325487722623,8803332,SELL,USD/CHF,1,2012/01/03 10:04:36,2012/01/03 11:32:21,0.93283,0.93216,13,-22,0,6.7,71.88
400.1325245718459,8774844,SELL,GBP/USD,1,2011/12/30 12:15:12,2012/01/02 07:15:52,1.5459,1.55039,0,-114,-3.17,-44.9,-452.17
400.1325245717714,8774774,SELL,GBP/USD,1,2011/12/30 12:11:32,2012/01/02 07:15:46,1.54582,1.54909,0,-115,-3.17,-32.7,-330.17
400.1325245715136,8774529,SELL,GBP/USD,1,2011/12/30 12:02:57,2012/01/02 07:15:40,1.54577,1.54995,5,-116,-3.17,-41.8,-421.17
400.1324884111817,8773792,SELL,GBP/USD,1,2011/12/30 12:00:03,2012/01/02 07:15:24,1.546,1.54996,8,-113,-3.17,-39.6,-399.17
400.1324883933619,8766340,SELL,EUR/USD,1,2011/12/30 00:05:32,2011/12/30 11:50:41,1.29517,1.2933,47,-6,0,18.7,187
400.1324883944973,8766679,SELL,EUR/USD,1,2011/12/30 00:50:58,2011/12/30 11:44:43,1.29537,1.2927,49,-4,0,26.7,267
400.1324883817795,8762003,SELL,EUR/USD,1,2011/12/29 17:03:13,2011/12/30 08:43:04,1.2955,1.2905,50,-11,-5.47,50,494.53
400.1324883825665,8762847,SELL,EUR/USD,1,2011/12/29 17:03:43,2011/12/30 08:43:04,1.29541,1.2905,49,-12,-5.47,49.1,485.53
400.1324883890072,8765290,SELL,EUR/USD,1,2011/12/29 21:16:01,2011/12/29 23:15:20,1.29602,1.29543,11,-6,0,5.9,59
400.1324883904196,8765582,SELL,EUR/USD,1,2011/12/29 22:10:50,2011/12/29 23:15:17,1.2959,1.29543,10,-4,0,4.7,47
400.1324378525739,8598192,SELL,EUR/USD,1,2011/12/23 13:15:33,2011/12/23 14:11:34,1.30568,1.30483,12,-11,0,8.5,85
400.1324377734771,8389826,BUY,AUD/USD,1,2011/12/21 12:45:25,2011/12/22 08:23:18,1.01025,1.01354,34,-52,20.84,32.9,349.84
400.1324377735240,8390048,BUY,AUD/USD,1,2011/12/21 12:46:51,2011/12/22 08:21:32,1.00961,1.01313,38,-46,20.84,35.2,372.84
400.1324377704485,8378178,BUY,AUD/USD,1,2011/12/21 12:45:52,2011/12/22 08:10:27,1.0097,1.0125,28,-47,20.84,28,300.84
400.1324377728898,8387701,BUY,AUD/USD,1,2011/12/21 12:25:48,2011/12/22 08:10:27,1.01203,1.0125,5,-70,20.84,4.7,67.84
400.1324377639717,8353089,SELL,AUD/USD,1,2011/12/21 07:16:09,2011/12/21 11:39:18,1.01765,1.0135,42,-44,0,41.5,415
400.1324377644288,8354706,SELL,AUD/USD,1,2011/12/21 07:36:08,2011/12/21 11:39:18,1.01806,1.0135,46,-40,0,45.6,456
400.1324377640436,8353230,SELL,AUD/USD,1,2011/12/21 07:18:17,2011/12/21 11:39:18,1.01807,1.0135,46,-40,0,45.7,457
400.1324377604694,8343932,SELL,AUD/USD,1,2011/12/21 07:12:50,2011/12/21 11:39:18,1.0176,1.0135,41,-45,0,41,410
400.1323807179173,8068348,BUY,USD/CHF,1,2011/12/15 08:30:22,2011/12/20 09:52:51,0.94199,0.93218,44,-98,0.3,-98.1,-1052.07
400.1323807180699,8068855,BUY,USD/CHF,1,2011/12/15 08:41:07,2011/12/20 09:52:48,0.94173,0.93223,46,-96,0.3,-95,-1018.76
400.1323807180888,8068877,BUY,USD/CHF,1,2011/12/15 08:42:16,2011/12/20 09:52:44,0.9421,0.93218,43,-99,0.3,-99.2,-1063.87
400.1323977570575,8125063,BUY,USD/CHF,1,2011/12/16 13:26:41,2011/12/20 09:52:39,0.93622,0.93258,36,-38,0.2,-36.4,-390.12
400.1323807211203,8075084,SELL,GBP/USD,1,2011/12/15 12:03:57,2011/12/15 16:01:37,1.55098,1.54879,35,-21,0,21.9,219
400.1323807019795,8051093,SELL,USD/CHF,1,2011/12/14 12:52:18,2011/12/15 07:49:51,0.94854,0.948,18,-64,-2.16,5.4,54.8
400.1323807031650,8052495,SELL,USD/CHF,1,2011/12/14 14:01:10,2011/12/15 07:49:51,0.94797,0.948,0,-70,-2.16,-0.3,-5.32
400.1323807012741,8049847,BUY,EUR/USD,1,2011/12/14 12:15:11,2011/12/15 06:48:12,1.30042,1.29885,4,-59,5.14,-15.7,-151.86
400.1323708378399,8018153,SELL,AUD/USD,1,2011/12/13 08:56:23,2011/12/13 14:45:41,1.0083,1.01513,6,-69,0,-68.3,-683
400.1323708414971,8021033,SELL,AUD/USD,1,2011/12/13 11:09:57,2011/12/13 14:34:48,1.01276,1.01254,16,-24,0,2.2,22
400.1323708416975,8021370,SELL,AUD/USD,1,2011/12/13 11:17:28,2011/12/13 14:06:31,1.01305,1.01249,17,-21,0,5.6,56
400.1323708377568,8017959,SELL,AUD/USD,1,2011/12/13 08:53:42,2011/12/13 09:51:28,1.00907,1.0112,14,-22,0,-21.3,-213
400.1323708379649,8018405,SELL,AUD/USD,1,2011/12/13 09:00:17,2011/12/13 09:51:24,1.0091,1.0112,14,-21,0,-21,-210
400.1323370200931,7976196,SELL,AUD/USD,1,2011/12/09 17:45:23,2011/12/12 05:10:14,1.01974,1.01708,34,-29,-22.04,26.6,243.96
400.1323370195518,7976031,SELL,AUD/USD,1,2011/12/09 17:25:24,2011/12/12 05:09:56,1.01914,1.01709,28,-35,-22.04,20.5,182.96
400.1323370195141,7976011,SELL,AUD/USD,1,2011/12/09 17:23:55,2011/12/12 05:09:48,1.01928,1.01717,30,-33,-22.04,21.1,188.96
400.1323370194675,7976001,SELL,AUD/USD,1,2011/12/09 17:22:07,2011/12/12 03:34:24,1.01921,1.01705,25,-34,-22.04,21.6,193.96
400.1323370079814,7964816,SELL,AUD/USD,1,2011/12/09 11:04:41,2011/12/09 13:50:21,1.01483,1.0137,32,-35,0,11.3,113
400.1323370078455,7964414,SELL,AUD/USD,1,2011/12/09 11:01:37,2011/12/09 13:50:14,1.01416,1.01393,25,-42,0,2.3,23
400.1323370065693,7962997,SELL,AUD/USD,1,2011/12/09 11:02:27,2011/12/09 13:46:46,1.0145,1.014,28,-39,0,5,50
400.1323370079986,7964838,SELL,AUD/USD,1,2011/12/09 11:05:08,2011/12/09 13:46:41,1.01492,1.01398,32,-34,0,9.4,94
400.1323037043057,7936320,BUY,EUR/USD,1,2011/12/08 12:59:21,2011/12/08 13:58:08,1.34195,1.338,39,-44,0,-39.5,-395
400.1323037056626,7937969,SELL,USD/CHF,1,2011/12/08 13:43:02,2011/12/08 13:58:00,0.919,0.922,3,-32,0,-30,-325.38
400.1323037055184,7937788,SELL,USD/CHF,1,2011/12/08 13:38:42,2011/12/08 13:58:00,0.9184,0.922,0,-38,0,-36,-390.46
400.1323037054804,7937641,SELL,USD/CHF,1,2011/12/08 13:36:45,2011/12/08 13:58:00,0.91775,0.922,0,-45,0,-42.5,-460.95
400.1323036988263,7933002,BUY,GBP/USD,1,2011/12/08 09:48:27,2011/12/08 10:19:41,1.57386,1.57182,5,-21,0,-20.4,-204
400.1323036268475,7860752,SELL,USD/CAD,1,2011/12/06 14:33:43,2011/12/06 16:15:20,1.01266,1.01241,12,-19,0,2.5,24.69
400.1323035750248,7664369,SELL,USD/CHF,1,2011/12/05 07:41:35,2011/12/06 14:04:35,0.92039,0.92821,38,-94,-0.72,-78.2,-843.2
400.1323035750034,7664299,SELL,USD/CHF,1,2011/12/05 07:40:57,2011/12/06 14:04:31,0.92031,0.9282,37,-94,-0.72,-78.9,-850.75
400.1323036177019,7825101,SELL,USD/CHF,1,2011/12/06 09:19:24,2011/12/06 14:04:27,0.92695,0.9281,51,-12,0,-11.5,-123.91
400.1323036158919,7817587,SELL,USD/CHF,1,2011/12/06 08:17:12,2011/12/06 13:54:48,0.92878,0.92686,69,-2,0,19.2,207.15
400.1323036146352,7812841,SELL,EUR/USD,1,2011/12/06 07:34:11,2011/12/06 08:19:40,1.3342,1.33549,8,-15,0,-12.9,-129
400.1323036148253,7813610,SELL,EUR/USD,1,2011/12/06 07:40:41,2011/12/06 08:09:53,1.33471,1.33426,13,-9,0,4.5,45
400.1323036140413,7810226,SELL,EUR/USD,1,2011/12/06 07:14:26,2011/12/06 07:24:34,1.3354,1.33527,10,-7,0,1.3,13
400.1323036140508,7810334,SELL,EUR/USD,1,2011/12/06 07:15:03,2011/12/06 07:24:29,1.33581,1.33534,14,-1,0,4.7,47
400.1323036129029,7806237,SELL,USD/CHF,1,2011/12/06 06:34:12,2011/12/06 07:00:46,0.9225,0.92336,0,-11,0,-8.6,-93.14
400.1323035599599,7645499,SELL,USD/CAD,1,2011/12/04 22:56:36,2011/12/05 07:51:44,1.0182,1.0165,24,-10,0,17,167.24
400.1323035723366,7654347,SELL,USD/CAD,1,2011/12/05 06:02:33,2011/12/05 07:10:20,1.01819,1.01715,11,-3,0,10.4,102.25
400.1323035598585,7645443,SELL,USD/CAD,1,2011/12/04 22:10:00,2011/12/05 00:32:04,1.01723,1.0162,14,-20,0,10.3,101.36
400.1322676864405,7634562,BUY,EUR/USD,1,2011/12/02 12:38:55,2011/12/02 13:36:47,1.35351,1.34997,13,-38,0,-35.4,-354
400.1322676864750,7634578,BUY,EUR/USD,1,2011/12/02 12:39:37,2011/12/02 13:36:43,1.35317,1.34998,16,-35,0,-31.9,-319
400.1322676876874,7635433,BUY,EUR/USD,1,2011/12/02 13:19:59,2011/12/02 13:36:31,1.35219,1.34991,26,-25,0,-22.8,-228
400.1322676877007,7635466,BUY,EUR/USD,1,2011/12/02 13:20:23,2011/12/02 13:36:26,1.35242,1.34994,24,-28,0,-24.8,-248
400.1322676820449,7632282,BUY,GBP/USD,1,2011/12/02 10:09:30,2011/12/02 13:05:18,1.57042,1.57104,12,-34,0,6.2,62
400.1322676820673,7632293,BUY,GBP/USD,1,2011/12/02 10:10:13,2011/12/02 13:05:11,1.57037,1.57077,12,-34,0,4,40
400.1322676821048,7632301,BUY,GBP/USD,1,2011/12/02 10:11:31,2011/12/02 12:04:15,1.57021,1.56869,0,-32,0,-15.2,-152
400.1322676821949,7632314,BUY,GBP/USD,1,2011/12/02 10:13:50,2011/12/02 12:04:10,1.56999,1.56863,0,-30,0,-13.6,-136
400.1322676805635,7631457,BUY,EUR/USD,1,2011/12/02 09:18:30,2011/12/02 09:35:11,1.34918,1.34793,0,-14,0,-12.5,-125
400.1322676797687,7631015,SELL,GBP/USD,1,2011/12/02 08:54:12,2011/12/02 09:14:19,1.56887,1.56951,2,-8,0,-6.4,-64
400.1322676791638,7630744,BUY,GBP/USD,1,2011/12/02 08:34:31,2011/12/02 08:46:34,1.57042,1.57024,0,-8,0,-1.8,-18
400.1322676782308,7630138,BUY,EUR/USD,1,2011/12/02 08:00:36,2011/12/02 08:06:07,1.34842,1.34857,2,-8,0,1.5,15
400.1322676517068,7620213,SELL,EUR/USD,1,2011/12/01 16:08:07,2011/12/01 16:18:11,1.34753,1.34672,10,-4,0,8.1,81
400.1322676506446,7619114,SELL,EUR/USD,1,2011/12/01 15:33:46,2011/12/01 15:35:56,1.34851,1.34745,11,-2,0,10.6,106
400.1322676465394,7616241,BUY,EUR/USD,1,2011/12/01 13:18:40,2011/12/01 13:22:30,1.35094,1.35146,11,-1,0,5.2,52
400.1322654339101,7595592,BUY,EUR/USD,1,2011/11/30 14:23:38,2011/12/01 09:49:46,1.34938,1.34855,0,-78,5.32,-8.3,-77.68
400.1322654342039,7595789,BUY,EUR/USD,1,2011/11/30 14:32:49,2011/12/01 09:41:38,1.3481,1.34705,10,-65,5.32,-10.5,-99.68
400.1322676398002,7612490,BUY,EUR/USD,1,2011/12/01 09:31:02,2011/12/01 09:38:17,1.3471,1.3471,6,-7,0,0,0
400.1322676282490,7606448,BUY,AUD/USD,1,2011/12/01 02:44:03,2011/12/01 04:52:42,1.01927,1.0256,65,-3,0,63.3,633
400.1322676282316,7606433,BUY,AUD/USD,1,2011/12/01 02:43:13,2011/12/01 04:36:38,1.01913,1.0241,52,-4,0,49.7,497
400.1322654319323,7592684,BUY,EUR/USD,1,2011/11/30 13:23:20,2011/12/01 02:39:33,1.34261,1.34365,106,-14,5.32,10.4,109.32
400.1322654315333,7591779,BUY,EUR/USD,1,2011/11/30 13:12:16,2011/12/01 02:39:25,1.34301,1.34357,102,-18,5.32,5.6,61.32
400.1322654334823,7595213,BUY,EUR/USD,1,2011/11/30 14:10:09,2011/11/30 14:16:43,1.34987,1.35062,9,-17,0,7.5,75
400.1322654332917,7594997,BUY,EUR/USD,1,2011/11/30 14:03:12,2011/11/30 14:06:48,1.35103,1.35127,3,-10,0,2.4,24
400.1322582097198,7581338,SELL,EUR/USD,1,2011/11/30 07:20:09,2011/11/30 09:08:30,1.32623,1.32915,1,-30,0,-29.2,-292
400.1322582096691,7581242,SELL,EUR/USD,1,2011/11/30 07:18:22,2011/11/30 09:08:27,1.32632,1.32906,2,-28,0,-27.4,-274
400.1322582096500,7581209,SELL,EUR/USD,1,2011/11/30 07:17:31,2011/11/30 09:08:23,1.32669,1.32908,6,-24,0,-23.9,-239
400.1322582096016,7581164,SELL,EUR/USD,1,2011/11/30 07:16:09,2011/11/30 09:08:19,1.32662,1.32906,6,-25,0,-24.4,-244
400.1322582089667,7580180,SELL,EUR/USD,1,2011/11/30 06:57:02,2011/11/30 07:04:56,1.33015,1.32952,12,-5,0,6.3,63
400.1322431431824,7563270,BUY,EUR/USD,1,2011/11/29 11:23:59,2011/11/29 11:43:32,1.34017,1.33882,0,-23,0,-13.5,-135
400.1322431410069,7560392,BUY,EUR/USD,1,2011/11/29 10:14:21,2011/11/29 10:15:43,1.33866,1.33976,40,0,0,11,110
400.1322431382741,7558353,SELL,EUR/USD,1,2011/11/29 08:40:51,2011/11/29 08:51:19,1.33246,1.33227,4,-15,0,1.9,19
400.1322431371694,7557457,SELL,EUR/USD,1,2011/11/29 08:02:11,2011/11/29 08:17:05,1.33325,1.33303,5,-12,0,2.2,22
400.1322431250734,7552229,BUY,GBP/USD,1,2011/11/29 00:32:35,2011/11/29 01:20:56,1.54716,1.54873,23,-3,0,15.7,157
400.1322431245225,7551902,BUY,GBP/USD,1,2011/11/29 00:12:35,2011/11/29 00:45:53,1.54846,1.54883,4,-16,0,3.7,37
400.1322431126806,7547128,SELL,AUD/USD,1,2011/11/28 16:49:47,2011/11/28 17:30:22,0.99199,0.99113,10,-9,0,8.6,86
400.1322431125670,7547061,BUY,USD/CAD,1,2011/11/28 16:45:31,2011/11/28 16:51:43,1.03288,1.033,3,-4,0,1.2,11.62
400.1322430991074,7537403,BUY,USD/CAD,1,2011/11/28 09:54:56,2011/11/28 16:40:12,1.035,1.03308,0,-47,0,-19.2,-185.85
400.1322431121716,7546792,SELL,AUD/USD,1,2011/11/28 16:30:47,2011/11/28 16:39:10,0.99219,0.99155,9,-3,0,6.4,64
400.1322431073919,7543751,SELL,AUD/USD,1,2011/11/28 13:44:31,2011/11/28 16:16:05,0.9963,0.9913,53,-14,0,50,500
400.1322431073583,7543741,SELL,AUD/USD,1,2011/11/28 13:43:24,2011/11/28 16:08:05,0.99625,0.99226,47,-15,0,39.9,399
400.1322431070969,7543567,SELL,AUD/USD,1,2011/11/28 13:33:45,2011/11/28 15:41:25,0.99668,0.9952,21,-10,0,14.8,148
400.1322430991164,7537416,BUY,USD/CAD,1,2011/11/28 10:20:17,2011/11/28 12:30:17,1.033,1.03403,11,-8,0,10.3,99.61
400.1322431029180,7541329,BUY,USD/CAD,1,2011/11/28 11:04:56,2011/11/28 11:50:50,1.03265,1.03305,7,-4,0,4,38.72
400.1322430916267,7531450,SELL,EUR/USD,1,2011/11/28 04:15:44,2011/11/28 05:53:47,1.3278,1.33028,0,-25,0,-24.8,-248
400.1322430898370,7529741,SELL,AUD/USD,1,2011/11/28 03:09:56,2011/11/28 03:21:38,0.98787,0.98407,39,-10,0,38,380
400.1322430880248,7528052,SELL,EUR/USD,1,2011/11/28 02:01:19,2011/11/28 03:20:34,1.33159,1.33097,6,-20,0,6.2,62
400.1322430839472,7522665,SELL,EUR/USD,1,2011/11/27 23:28:55,2011/11/28 01:20:07,1.33176,1.33168,36,-10,0,0.8,8
400.1322430840736,7522791,SELL,EUR/USD,1,2011/11/27 23:32:53,2011/11/28 01:06:55,1.33222,1.33096,41,-5,0,12.6,126
400.1322159841930,7492881,BUY,GBP/USD,1,2011/11/25 12:16:23,2011/11/25 13:35:13,1.54953,1.54509,4,-45,0,-44.4,-444
400.1322159854256,7496634,BUY,GBP/USD,1,2011/11/25 13:00:38,2011/11/25 13:34:55,1.54618,1.54522,6,-11,0,-9.6,-96
400.1322159786073,7478835,SELL,EUR/USD,1,2011/11/25 09:04:41,2011/11/25 09:10:17,1.32688,1.32611,10,-3,0,7.7,77
400.1322159728580,7474466,BUY,GBP/USD,1,2011/11/25 05:42:03,2011/11/25 06:40:39,1.54573,1.54606,4,-11,0,3.3,33
400.1322159727921,7474458,BUY,GBP/USD,1,2011/11/25 05:39:36,2011/11/25 06:36:55,1.54571,1.54598,4,-11,0,2.7,27
400.1322159640717,7472135,BUY,GBP/USD,1,2011/11/25 00:07:17,2011/11/25 01:10:05,1.54713,1.54666,0,-14,0,-4.7,-47
400.1321894000547,7464134,SELL,AUD/USD,1,2011/11/24 13:40:28,2011/11/24 14:58:06,0.9751,0.97191,47,-4,0,31.9,319
400.1321893999767,7463929,SELL,AUD/USD,1,2011/11/24 13:36:56,2011/11/24 14:44:37,0.97545,0.9715,41,-3,0,39.5,395
400.1321893967655,7459364,BUY,EUR/USD,1,2011/11/24 11:39:03,2011/11/24 11:47:31,1.33824,1.33842,3,-5,0,1.8,18
400.1321893556139,7408201,SELL,EUR/USD,1,2011/11/23 10:19:28,2011/11/23 15:45:17,1.33951,1.33589,43,-19,0,36.2,362
400.1321893556662,7408342,SELL,EUR/USD,1,2011/11/23 10:20:55,2011/11/23 15:03:35,1.33982,1.33664,38,-16,0,31.8,318
400.1321893589782,7413783,SELL,EUR/USD,1,2011/11/23 12:16:42,2011/11/23 15:02:43,1.33942,1.33689,34,-20,0,25.3,253
400.1321893554064,7407351,SELL,EUR/USD,1,2011/11/23 10:12:15,2011/11/23 10:16:04,1.3421,1.33978,28,0,0,23.2,232
400.1321893525746,7402532,SELL,GBP/USD,1,2011/11/23 08:33:18,2011/11/23 08:58:07,1.55712,1.5568,11,-14,0,3.2,32
400.1321893519376,7401405,SELL,GBP/USD,1,2011/11/23 08:09:44,2011/11/23 08:21:11,1.55892,1.55858,5,-11,0,3.4,34
400.1321893421415,7391326,SELL,AUD/USD,1,2011/11/23 01:59:27,2011/11/23 05:39:45,0.97925,0.97648,35,-3,0,27.7,277
400.1321893420988,7391257,SELL,AUD/USD,1,2011/11/23 01:58:25,2011/11/23 04:26:43,0.97877,0.97739,30,-8,0,13.8,138
400.1321893409556,7389532,SELL,GBP/USD,1,2011/11/23 01:14:56,2011/11/23 01:29:39,1.56311,1.56277,6,-9,0,3.4,34
400.1321893182679,7296488,SELL,EUR/USD,1,2011/11/22 11:02:19,2011/11/22 13:28:30,1.35398,1.35325,223,-30,0,7.3,73
400.1321893176537,7293148,SELL,EUR/USD,1,2011/11/22 10:39:01,2011/11/22 10:55:57,1.35382,1.35359,8,-7,0,2.3,23
400.1321826191541,7204071,BUY,AUD/USD,1,2011/11/21 16:11:39,2011/11/21 17:24:58,0.9825,0.98454,24,-6,0,20.4,204
400.1321826051021,7161822,SELL,EUR/USD,1,2011/11/21 07:50:04,2011/11/21 08:02:18,1.34893,1.34774,17,-10,0,11.9,119
400.1321826051461,7162087,SELL,EUR/USD,1,2011/11/21 07:51:27,2011/11/21 08:02:14,1.34925,1.34769,20,-7,0,15.6,156
400.1321458240335,7072056,SELL,GBP/USD,1,2011/11/18 08:46:55,2011/11/18 09:25:44,1.57741,1.5824,4,-50,0,-49.9,-499
400.1321458243588,7073593,SELL,GBP/USD,1,2011/11/18 08:58:43,2011/11/18 09:25:23,1.57901,1.58209,5,-34,0,-30.8,-308
400.1321458182655,7048259,SELL,EUR/USD,1,2011/11/18 05:16:35,2011/11/18 07:27:18,1.34695,1.35143,1,-46,0,-44.8,-448
400.1321458137369,7033574,BUY,EUR/USD,1,2011/11/18 02:23:13,2011/11/18 02:27:41,1.34828,1.34827,1,-7,0,-0.1,-1
400.1321457983477,7021553,SELL,GBP/USD,1,2011/11/17 16:46:00,2011/11/17 17:36:15,1.58002,1.57678,42,-4,0,32.4,324
400.1321457985956,7022173,SELL,GBP/USD,1,2011/11/17 16:54:57,2011/11/17 17:36:06,1.57937,1.57678,36,-9,0,25.9,259
400.1321457861814,6988771,SELL,GBP/USD,1,2011/11/17 09:30:50,2011/11/17 09:46:24,1.57812,1.57503,35,-2,0,30.9,309
400.1321457728655,6980581,SELL,USD/CAD,1,2011/11/17 01:16:00,2011/11/17 01:35:12,1.02602,1.02553,10,-2,0,4.9,47.78
400.1321360493706,6968785,SELL,GBP/USD,1,2011/11/16 13:36:06,2011/11/16 13:49:02,1.57696,1.57682,4,-15,0,1.4,14
400.1321360458636,6966036,SELL,USD/CHF,1,2011/11/16 11:27:39,2011/11/16 12:14:46,0.91798,0.91786,3,-13,0,1.2,13.07
400.1321360435182,6963975,SELL,AUD/USD,1,2011/11/16 10:05:57,2011/11/16 10:16:23,1.01796,1.01678,12,-6,0,11.8,118
400.1321360420141,6962801,SELL,EUR/USD,1,2011/11/16 09:12:18,2011/11/16 09:14:03,1.3541,1.35364,7,-2,0,4.6,46
400.1321360412663,6962143,SELL,EUR/USD,1,2011/11/16 08:46:10,2011/11/16 08:51:01,1.35318,1.35303,4,-6,0,1.5,15
400.1321360301484,6955460,BUY,EUR/USD,1,2011/11/16 02:04:30,2011/11/16 08:21:45,1.3475,1.349,20,-48,0,15,150
400.1321271784305,6940979,SELL,GBP/USD,1,2011/11/15 09:25:31,2011/11/16 06:04:40,1.58498,1.57618,92,-50,-3.22,88,876.78
400.1321271784248,6940975,SELL,GBP/USD,1,2011/11/15 09:25:11,2011/11/16 02:45:10,1.58517,1.57671,88,-48,-3.22,84.6,842.78
400.1321271784426,6940997,SELL,GBP/USD,1,2011/11/15 09:26:18,2011/11/15 23:01:58,1.58514,1.58197,51,-49,0,31.7,317
400.1321271784376,6940988,SELL,GBP/USD,1,2011/11/15 09:26:00,2011/11/15 16:40:48,1.58519,1.58114,51,-48,0,40.5,405
400.1321271776433,6939866,SELL,USD/CHF,1,2011/11/15 08:57:29,2011/11/15 09:07:58,0.91361,0.91654,0,-33,0,-29.3,-319.68
400.1321271773572,6939688,SELL,EUR/USD,1,2011/11/15 08:49:03,2011/11/15 08:52:40,1.35709,1.35877,0,-17,0,-16.8,-168
400.1321271483238,6926160,BUY,EUR/USD,1,2011/11/14 14:17:03,2011/11/14 16:09:51,1.36374,1.36408,20,-23,0,3.4,34
400.1321271502163,6927846,BUY,EUR/USD,1,2011/11/14 15:25:38,2011/11/14 15:51:51,1.3623,1.36345,17,-4,0,11.5,115
400.1321221121837,6922241,SELL,USD/CAD,1,2011/11/14 11:06:45,2011/11/14 11:24:15,1.01805,1.01873,0,-8,0,-6.8,-66.75
400.1321221094365,6918004,BUY,AUD/USD,1,2011/11/14 09:32:03,2011/11/14 11:00:00,1.02514,1.02591,32,-4,0,7.7,77
400.1321221104445,6920913,BUY,EUR/USD,1,2011/11/14 10:06:42,2011/11/14 10:59:52,1.36847,1.36967,36,-6,0,12,120
400.1321221091860,6916833,SELL,EUR/USD,1,2011/11/14 09:23:58,2011/11/14 09:55:59,1.36908,1.36962,1,-20,0,-5.4,-54
400.1321221081542,6912134,SELL,GBP/USD,1,2011/11/14 08:48:38,2011/11/14 09:03:09,1.59993,1.59891,16,-4,0,10.2,102
400.1321221065834,6904873,BUY,USD/CHF,1,2011/11/14 07:57:02,2011/11/14 08:34:36,0.90079,0.90207,15,-21,0,12.8,141.9
400.1321220976292,6878325,BUY,GBP/USD,1,2011/11/14 02:08:55,2011/11/14 08:26:32,1.60631,1.60102,12,-53,0,-52.9,-529
400.1320618289566,6862393,SELL,EUR/USD,1,2011/11/11 11:38:12,2011/11/11 15:35:41,1.36421,1.37173,17,-78,0,-75.2,-752
400.1320618330281,6864814,SELL,EUR/USD,1,2011/11/11 14:12:13,2011/11/11 15:35:37,1.36784,1.37195,6,-41,0,-41.1,-411
400.1320618248393,6859815,SELL,GBP/USD,1,2011/11/11 09:08:03,2011/11/11 09:40:42,1.59038,1.591,6,-18,0,-6.2,-62
400.1320618218074,6857280,BUY,USD/CHF,1,2011/11/11 07:17:19,2011/11/11 08:23:35,0.90537,0.90626,25,-11,0,8.9,98.21
400.1320618103649,6853135,BUY,USD/CAD,1,2011/11/10 23:41:59,2011/11/11 02:08:31,1.01678,1.01929,27,-7,-4.06,25.1,242.19
400.1320617987148,6847794,BUY,AUD/USD,1,2011/11/10 16:13:32,2011/11/10 16:42:53,1.01067,1.01293,28,-6,0,22.6,226
400.1320617693351,6816391,SELL,EUR/USD,1,2011/11/10 09:49:43,2011/11/10 10:41:24,1.361,1.357,40,-20,0,40,400
400.1320617871384,6837092,BUY,USD/CHF,1,2011/11/10 10:02:33,2011/11/10 10:40:46,0.9053,0.90651,15,-7,0,12.1,133.48
400.1320617882149,6838369,BUY,USD/CHF,1,2011/11/10 10:03:23,2011/11/10 10:21:30,0.90524,0.90646,14,-7,0,12.2,134.59
400.1320617691568,6816283,BUY,EUR/USD,1,2011/11/09 22:03:43,2011/11/10 01:51:04,1.35422,1.35434,2,-29,5.36,1.2,17.36
400.1320617729533,6818262,BUY,EUR/USD,1,2011/11/10 00:29:30,2011/11/10 01:48:48,1.35208,1.35395,22,-7,0,18.7,187
400.1320617722424,6817907,SELL,USD/CHF,1,2011/11/10 00:02:38,2011/11/10 01:02:40,0.9106,0.9107,5,-9,0,-1,-10.98
400.1320617700674,6816638,BUY,AUD/USD,1,2011/11/09 22:39:48,2011/11/10 00:03:56,1.01329,1.01391,10,-17,20.98,6.2,82.98
400.1320617534587,6803261,BUY,EUR/USD,1,2011/11/09 14:46:44,2011/11/09 15:52:31,1.356,1.3593,35,-9,0,33,330
400.1320617473687,6796377,SELL,EUR/USD,1,2011/11/09 09:12:50,2011/11/09 12:02:00,1.37571,1.36261,133,-2,0,131,1310
400.1320617473098,6796273,SELL,EUR/USD,1,2011/11/09 09:10:56,2011/11/09 10:40:19,1.37596,1.3667,100,-4,0,92.6,926
400.1320617471927,6796037,SELL,EUR/USD,1,2011/11/09 09:06:59,2011/11/09 09:45:18,1.37676,1.37204,52,-7,0,47.2,472
400.1320617475218,6796806,SELL,GBP/USD,1,2011/11/09 09:16:37,2011/11/09 09:30:09,1.60557,1.6028,28,-6,0,27.7,277
400.1320617090593,6774434,SELL,GBP/USD,1,2011/11/08 08:38:42,2011/11/09 05:22:09,1.60616,1.60872,9,-70,-3.28,-25.6,-259.28
400.1320617119382,6776812,SELL,GBP/USD,1,2011/11/08 10:25:15,2011/11/09 05:07:12,1.60868,1.60873,32,-45,-3.28,-0.5,-8.28
400.1320617084005,6773779,SELL,USD/CHF,1,2011/11/08 08:15:10,2011/11/08 08:21:29,0.90355,0.90339,5,-5,0,1.6,17.71
400.1320617079992,6773016,SELL,EUR/USD,1,2011/11/08 08:00:55,2011/11/08 08:09:08,1.37262,1.37469,1,-24,0,-20.7,-207
400.1320616932939,6758453,SELL,GBP/USD,1,2011/11/07 22:11:44,2011/11/08 04:57:00,1.60546,1.60431,13,-13,-3.28,11.5,111.72
400.1320616663046,6739858,SELL,GBP/USD,1,2011/11/07 05:04:16,2011/11/07 10:27:06,1.60232,1.59941,42,-6,0,29.1,291
400.1320616558473,6735159,SELL,GBP/USD,1,2011/11/06 22:08:20,2011/11/07 02:08:22,1.6054,1.60098,45,-23,0,44.2,442
400.1320010081916,6731748,BUY,GBP/USD,1,2011/11/04 15:48:04,2011/11/04 18:53:46,1.60322,1.6035,30,-16,0,2.8,28
400.1320010054324,6729533,SELL,EUR/USD,1,2011/11/04 14:10:35,2011/11/04 15:46:51,1.37354,1.37617,23,-27,0,-26.3,-263
400.1320010029398,6726920,SELL,EUR/USD,1,2011/11/04 12:46:23,2011/11/04 15:28:01,1.38212,1.37404,109,-20,0,80.8,808
400.1320010025117,6726294,BUY,USD/JPY,1,2011/11/04 12:32:24,2011/11/04 13:18:26,78.115,78.079,0,-10,0,-3.6,-46.11
400.1320010025842,6726477,BUY,USD/JPY,1,2011/11/04 12:34:16,2011/11/04 13:05:27,78.076,78.04,0,-6,0,-3.6,-46.13
400.1320010026342,6726564,BUY,GBP/USD,1,2011/11/04 12:36:08,2011/11/04 12:46:14,1.60413,1.60165,0,-34,0,-24.8,-248
400.1320009958038,6722346,BUY,USD/CHF,1,2011/11/04 08:25:16,2011/11/04 09:16:28,0.88452,0.88512,25,-9,0,6,67.79
400.1320009174738,6662353,SELL,GBP/USD,1,2011/11/02 07:53:01,2011/11/03 07:31:55,1.5984,1.58871,106,-66,-9.74,96.9,959.26
400.1320009269752,6670937,BUY,EUR/USD,1,2011/11/02 13:35:53,2011/11/02 16:16:24,1.38277,1.377,0,-63,0,-57.7,-577
400.1320009128557,6656662,SELL,AUD/USD,1,2011/11/02 04:54:49,2011/11/02 11:07:29,1.03594,1.03501,20,-70,0,9.3,93
400.1320009147203,6658621,SELL,AUD/USD,1,2011/11/02 06:11:39,2011/11/02 08:08:55,1.038,1.0417,3,-40,0,-37,-370
400.1320009043591,6648090,SELL,USD/CAD,1,2011/11/01 23:21:16,2011/11/02 03:41:26,1.02147,1.01875,36,-6,1.17,27.2,268.16
400.1320009043872,6648091,SELL,USD/CAD,1,2011/11/01 23:22:04,2011/11/02 03:24:36,1.02162,1.01885,34,-5,1.17,27.7,273.05
400.1320008872668,6636083,BUY,EUR/USD,1,2011/11/01 12:40:36,2011/11/01 14:28:52,1.36569,1.3681,25,-50,0,24.1,241
400.1320008873256,6636141,BUY,EUR/USD,1,2011/11/01 12:42:23,2011/11/01 14:28:52,1.36491,1.3681,32,-42,0,31.9,319
400.1320008882590,6637197,BUY,EUR/USD,1,2011/11/01 13:14:55,2011/11/01 14:27:11,1.36277,1.36749,52,-10,0,47.2,472
400.1320008860885,6635035,BUY,AUD/USD,1,2011/11/01 11:58:19,2011/11/01 14:15:46,1.02994,1.03267,33,-29,0,27.3,273
400.1320008753514,6620255,SELL,GBP/USD,1,2011/11/01 05:23:17,2011/11/01 06:06:11,1.60285,1.60535,0,-26,0,-25,-250
400.1320008710391,6614825,SELL,USD/CHF,1,2011/11/01 02:31:15,2011/11/01 05:15:55,0.87719,0.88054,0,-34,0,-33.5,-380.45
400.1320008730321,6617054,SELL,USD/CHF,1,2011/11/01 03:52:16,2011/11/01 05:15:50,0.87848,0.88055,0,-22,0,-20.7,-235.08
400.1320008524211,6599074,SELL,AUD/USD,1,2011/10/31 14:41:25,2011/10/31 21:40:05,1.06049,1.05381,80,-8,0,66.8,668
400.1320008508419,6598183,SELL,GBP/USD,1,2011/10/31 13:40:58,2011/10/31 19:20:03,1.60406,1.61,3,-128,0,-59.4,-594
400.1320008431089,6592419,BUY,USD/JPY,1,2011/10/31 08:53:54,2011/10/31 15:19:44,78.02,77.967,32,-27,0,-5.3,-67.98
400.1320008320810,6578699,BUY,USD/JPY,1,2011/10/31 02:01:34,2011/10/31 05:58:48,78.213,79.324,128,-55,0,111.1,1400.58
400.1320008312623,6577391,BUY,USD/JPY,1,2011/10/31 01:34:15,2011/10/31 04:26:31,78.165,79.187,132,-51,0,102.2,1290.62
400.1320008322315,6578877,BUY,USD/JPY,1,2011/10/31 02:05:07,2011/10/31 04:15:34,77.936,79.189,155,-28,0,125.3,1582.29
400.1320008284705,6575295,BUY,EUR/USD,1,2011/10/30 23:43:13,2011/10/31 02:19:00,1.41464,1.40792,23,-74,0,-67.2,-672
400.1319404595532,6567307,BUY,EUR/USD,1,2011/10/28 10:26:26,2011/10/28 12:32:40,1.41505,1.41679,30,-18,0,17.4,174
400.1319404552425,6564824,BUY,EUR/USD,1,2011/10/28 07:42:16,2011/10/28 08:41:04,1.41674,1.41822,29,-6,0,14.8,148
400.1319404262159,6548277,SELL,AUD/USD,1,2011/10/27 13:19:15,2011/10/28 03:19:54,1.06841,1.066,34,-70,-23.11,24.1,217.89
400.1319404216039,6543795,SELL,AUD/USD,1,2011/10/27 10:40:50,2011/10/28 03:19:54,1.06189,1.066,5,-136,-23.11,-41.1,-434.11
400.1319404273300,6549333,SELL,AUD/USD,1,2011/10/27 13:57:26,2011/10/28 02:51:19,1.0687,1.067,36,-67,-23.11,17,146.89
400.1319404286469,6550236,SELL,AUD/USD,1,2011/10/27 14:44:34,2011/10/28 02:51:19,1.06634,1.067,2,-91,-23.11,-6.6,-89.11
400.1319403997574,6530826,BUY,USD/CAD,1,2011/10/26 20:52:40,2011/10/27 08:05:19,1.00408,0.996,9,-81,-12.18,-80.8,-823.42
400.1319404072446,6535121,BUY,USD/CAD,1,2011/10/27 01:43:19,2011/10/27 08:05:19,1.00095,0.996,5,-50,0,-49.5,-496.99
400.1319404127553,6538290,BUY,USD/CAD,1,2011/10/27 05:14:27,2011/10/27 08:05:19,0.99918,0.996,7,-32,0,-31.8,-319.28
400.1319403996744,6530796,BUY,USD/CAD,1,2011/10/27 00:09:20,2011/10/27 08:05:19,1.002,0.996,21,-60,0,-60,-602.41
400.1319404093367,6536708,BUY,EUR/USD,1,2011/10/27 03:00:14,2011/10/27 04:30:33,1.39581,1.39681,18,-16,0,10,100
400.1319403720892,6506727,BUY,AUD/USD,1,2011/10/26 03:21:04,2011/10/26 11:35:24,1.0371,1.03774,24,-36,0,6.4,64
400.1319403799286,6514950,BUY,AUD/USD,1,2011/10/26 08:33:44,2011/10/26 11:35:19,1.03563,1.03776,25,-21,0,21.3,213
400.1319403680912,6503311,BUY,AUD/USD,1,2011/10/26 00:37:07,2011/10/26 01:12:55,1.03831,1.03752,1,-21,0,-7.9,-79
400.1319403610452,6499238,BUY,USD/CHF,1,2011/10/25 19:51:35,2011/10/25 23:50:04,0.87908,0.87873,1,-16,0,-3.5,-39.83
400.1318800291540,6433687,SELL,USD/JPY,1,2011/10/21 13:25:38,2011/10/25 19:47:49,76.099,75.967,35,-40,-1.84,13.2,171.92
400.1319403485284,6488626,SELL,EUR/USD,1,2011/10/25 12:03:39,2011/10/25 12:26:54,1.3913,1.39159,10,-13,0,-2.9,-29
400.1318800282054,6432292,SELL,USD/JPY,1,2011/10/21 12:55:08,2011/10/24 20:51:59,76.437,76.099,63,-6,-0.92,33.8,443.24
400.1319403101624,6455934,BUY,GBP/USD,1,2011/10/24 13:21:40,2011/10/24 15:44:05,1.5905,1.599,86,-6,0,85,850
400.1319403096827,6455537,BUY,GBP/USD,1,2011/10/24 10:39:24,2011/10/24 10:54:56,1.59253,1.59243,0,-9,0,-1,-10
400.1318800138643,6423314,SELL,USD/CHF,1,2011/10/21 04:00:11,2011/10/21 05:38:50,0.88912,0.88896,6,-6,0,1.6,18
400.1318799860945,6408105,BUY,USD/CHF,1,2011/10/20 10:28:48,2011/10/20 10:36:08,0.89434,0.895,10,-6,0,6.6,73.74
400.1318799789618,6400479,SELL,USD/CHF,1,2011/10/20 06:12:31,2011/10/20 07:15:37,0.90777,0.90553,28,-4,0,22.4,247.37
400.1318799272399,6359412,BUY,USD/CAD,1,2011/10/18 21:05:51,2011/10/20 01:39:19,1.01475,1.02042,68,-64,-16.24,56.7,539.41
400.1318799358176,6366107,BUY,USD/CAD,1,2011/10/19 02:43:07,2011/10/20 01:38:55,1.01328,1.02048,83,-49,-12.18,72,693.37
400.1318799358303,6366124,BUY,USD/CAD,1,2011/10/19 03:15:44,2011/10/20 01:12:03,1.0124,1.02025,92,-40,-12.18,78.5,757.24
400.1318799346369,6364819,BUY,USD/CAD,1,2011/10/19 01:55:57,2011/10/19 18:34:04,1.01426,1.01842,43,-59,0,41.6,408.48
400.1318798652315,6320986,BUY,USD/CAD,1,2011/10/17 05:55:11,2011/10/17 11:19:34,1.00856,1.01269,46,-43,0,41.3,407.82
400.1318511347339,6303796,BUY,EUR/USD,1,2011/10/14 13:15:06,2011/10/14 14:31:03,1.38507,1.38727,42,-15,0,22,220
400.1318511276551,6293871,BUY,USD/CAD,1,2011/10/14 08:53:53,2011/10/14 12:37:58,1.01779,1.01159,6,-68,0,-62,-612.9
400.1318511292117,6294718,BUY,USD/CAD,1,2011/10/14 09:48:30,2011/10/14 12:30:00,1.01663,1.013,13,-38,0,-36.3,-358.34
400.1318511288932,6294586,BUY,USD/CAD,1,2011/10/14 09:37:04,2011/10/14 12:30:00,1.01686,1.013,10,-40,0,-38.6,-381.05
400.1318511278678,6294120,BUY,USD/CAD,1,2011/10/14 09:01:15,2011/10/14 12:30:00,1.01824,1.013,2,-54,0,-52.4,-517.28
400.1318511205931,6289339,BUY,USD/CAD,1,2011/10/14 04:27:28,2011/10/14 08:33:11,1.02152,1.01732,2,-42,0,-42,-412.85
400.1318511228451,6290098,SELL,EUR/USD,1,2011/10/14 05:57:31,2011/10/14 08:32:56,1.3785,1.38082,39,-32,0,-23.2,-232
400.1318327992036,6268013,SELL,USD/JPY,1,2011/10/13 08:57:15,2011/10/14 00:43:53,76.799,76.963,11,-18,-0.92,-16.4,-214.01
400.1318327992925,6268247,SELL,USD/JPY,1,2011/10/13 09:00:38,2011/10/13 15:59:16,76.824,76.89,14,-15,0,-6.6,-85.84
400.1318510975066,6272111,SELL,USD/CHF,1,2011/10/13 13:28:57,2011/10/13 15:40:38,0.90023,0.9005,3,-38,0,-2.7,-29.98
400.1318510971784,6271975,SELL,USD/CHF,1,2011/10/13 13:35:31,2011/10/13 15:25:18,0.901,0.90014,11,-30,0,8.6,95.54
400.1318327984219,6267062,SELL,AUD/USD,1,2011/10/13 08:29:46,2011/10/13 10:22:56,1.01674,1.01468,35,-13,0,20.6,206
400.1318328002146,6268861,SELL,EUR/USD,1,2011/10/13 09:34:00,2011/10/13 10:06:28,1.37345,1.37211,22,-11,0,13.4,134
400.1318327984614,6267192,SELL,AUD/USD,1,2011/10/13 08:31:11,2011/10/13 09:04:18,1.01737,1.01671,33,-6,0,6.6,66
400.1318327984817,6267213,SELL,AUD/USD,1,2011/10/13 08:32:08,2011/10/13 08:40:24,1.01736,1.01433,33,-4,0,30.3,303
400.1318327967393,6265639,BUY,EUR/USD,1,2011/10/13 07:27:46,2011/10/13 08:05:47,1.38193,1.37923,6,-28,0,-27,-270
400.1318327683916,6249996,SELL,AUD/USD,1,2011/10/12 13:01:24,2011/10/13 06:00:14,1.01334,1.0188,28,-101,-65.64,-54.6,-611.64
400.1318327863080,6259789,SELL,AUD/USD,1,2011/10/13 00:31:20,2011/10/13 01:10:46,1.02241,1.01933,38,-4,0,30.8,308
400.1318327750925,6254833,SELL,AUD/USD,1,2011/10/12 17:06:21,2011/10/12 22:07:57,1.01963,1.01458,67,-11,0,50.5,505
400.1318327776004,6255576,SELL,AUD/USD,1,2011/10/12 18:45:43,2011/10/12 21:48:59,1.01947,1.013,66,-9,0,64.7,647
400.1318327708691,6252179,SELL,AUD/USD,1,2011/10/12 14:28:14,2011/10/12 21:47:11,1.01651,1.0133,33,-42,0,32.1,321
400.1318327686309,6250135,BUY,USD/JPY,1,2011/10/12 13:09:58,2011/10/12 18:45:35,77.314,77.335,16,-10,0,2.1,27.15
400.1318327269109,6224455,SELL,USD/CHF,1,2011/10/11 10:31:22,2011/10/12 08:43:44,0.91091,0.90124,101,-14,-0.72,96.7,1072.25
400.1318327602443,6242038,BUY,EUR/USD,1,2011/10/12 08:15:59,2011/10/12 08:21:18,1.37282,1.3738,14,-3,0,9.8,98
400.1318327268413,6224309,BUY,EUR/USD,1,2011/10/11 10:28:46,2011/10/11 15:58:40,1.35975,1.36585,66,-33,0,61,610
400.1318257963060,6221783,BUY,EUR/USD,1,2011/10/11 08:56:08,2011/10/11 09:17:24,1.35995,1.3599,6,-14,0,-0.5,-5
400.1318193563095,6195681,SELL,AUD/USD,1,2011/10/10 01:08:54,2011/10/11 08:26:29,0.98374,0.99345,28,-179,-21.5,-97.1,-992.5
400.1318193570285,6195964,SELL,EUR/USD,1,2011/10/10 01:37:33,2011/10/11 01:02:18,1.3459,1.36277,18,-241,-5.75,-168.7,-1692.75
400.1318193765126,6210223,SELL,EUR/USD,1,2011/10/10 14:08:04,2011/10/10 22:42:15,1.36553,1.36329,28,-44,0,22.4,224
400.1317990398405,6187670,BUY,USD/CHF,1,2011/10/07 16:05:16,2011/10/07 19:59:29,0.91786,0.92668,100,-9,0,88.2,951.78
400.1317990398221,6187651,BUY,USD/CHF,1,2011/10/07 16:04:44,2011/10/07 19:15:39,0.91778,0.92721,101,-8,0,94.3,1017.03
400.1317990398562,6187687,BUY,USD/CHF,1,2011/10/07 16:05:56,2011/10/07 18:56:07,0.91798,0.92737,96,-10,0,93.9,1012.54
400.1317990398790,6187702,BUY,USD/CHF,1,2011/10/07 16:06:46,2011/10/07 18:45:49,0.9175,0.92661,94,-5,0,91.1,983.15
400.1317904587270,6167229,SELL,AUD/USD,1,2011/10/07 04:49:34,2011/10/07 16:04:30,0.97827,0.98302,11,-98,0,-47.5,-475
400.1317990378479,6186058,SELL,USD/CHF,1,2011/10/07 14:52:48,2011/10/07 16:04:08,0.91526,0.91834,5,-37,0,-30.8,-335.39
400.1317990379336,6186141,SELL,USD/CHF,1,2011/10/07 14:57:05,2011/10/07 16:03:55,0.91523,0.91828,5,-37,0,-30.5,-332.14
400.1317990379635,6186168,SELL,USD/CHF,1,2011/10/07 14:58:04,2011/10/07 16:03:52,0.91487,0.91891,1,-41,0,-40.4,-439.65
400.1317990346788,6182938,BUY,USD/CHF,1,2011/10/07 13:02:51,2011/10/07 14:52:31,0.91965,0.9155,15,-43,0,-41.5,-453.3
400.1317904626779,6172790,BUY,EUR/USD,1,2011/10/07 07:22:54,2011/10/07 07:49:07,1.34636,1.34405,0,-24,0,-23.1,-231
400.1317808887161,6136809,SELL,USD/CHF,1,2011/10/06 08:20:34,2011/10/06 23:43:41,0.92418,0.91968,54,-75,0,45,489.3
400.1317808934176,6143551,SELL,GBP/USD,1,2011/10/06 11:12:52,2011/10/06 23:03:29,1.52814,1.54328,8,-179,0,-151.4,-1514
400.1317808630037,6114847,BUY,USD/CAD,1,2011/10/05 15:55:14,2011/10/06 08:15:27,1.046,1.03855,6,-76,-12.18,-74.5,-729.53
400.1317808866194,6134531,BUY,USD/CAD,1,2011/10/06 07:01:38,2011/10/06 08:14:57,1.04133,1.03875,16,-26,0,-25.8,-248.38
400.1317808576814,6110077,SELL,AUD/USD,1,2011/10/05 12:13:06,2011/10/06 06:17:10,0.95802,0.968,19,-100,-62.34,-99.8,-1060.34
400.1317589993920,6095971,SELL,USD/CHF,1,2011/10/05 00:43:30,2011/10/05 10:31:42,0.91997,0.91834,19,-40,0,16.3,177.49
400.1317590120029,6104613,BUY,USD/CAD,1,2011/10/05 09:06:03,2011/10/05 09:30:55,1.05312,1.05403,11,-9,0,9.1,86.34
400.1317589844866,6084175,SELL,USD/CAD,1,2011/10/04 15:17:03,2011/10/04 16:51:27,1.05981,1.06018,0,-33,0,-3.7,-34.9
400.1317589859067,6085644,SELL,EUR/USD,1,2011/10/04 16:09:28,2011/10/04 16:42:19,1.33045,1.32918,16,-8,0,12.7,127
400.1317589826581,6081310,BUY,AUD/USD,1,2011/10/04 14:15:07,2011/10/04 16:01:26,0.9433,0.94561,32,-24,0,23.1,231
400.1317589515284,6058622,SELL,EUR/USD,1,2011/10/03 18:18:53,2011/10/03 19:25:48,1.32382,1.32075,45,-5,0,30.7,307
400.1317310298024,6021693,SELL,USD/CAD,1,2011/09/30 13:01:12,2011/09/30 14:24:44,1.04357,1.0375,62,-32,0,60.7,585.06
400.1317310307855,6022879,SELL,GBP/USD,1,2011/09/30 13:37:07,2011/09/30 14:05:36,1.55317,1.55655,0,-37,0,-33.8,-338
400.1317310207560,6015627,SELL,EUR/USD,1,2011/09/30 07:10:04,2011/09/30 12:17:08,1.34938,1.35036,17,-54,0,-9.8,-98
400.1317221195985,5981144,SELL,AUD/USD,1,2011/09/29 07:20:10,2011/09/29 11:42:02,0.98279,0.98204,21,-52,0,7.5,75
400.1316984970733,5935469,SELL,AUD/USD,1,2011/09/27 11:26:28,2011/09/27 21:42:12,0.99078,0.9914,14,-80,0,-6.2,-62
400.1316984975144,5936200,BUY,GBP/USD,1,2011/09/27 11:41:14,2011/09/27 13:00:36,1.56287,1.56192,1,-31,0,-9.5,-95
400.1316984834569,5917109,SELL,GBP/USD,1,2011/09/27 02:09:47,2011/09/27 08:53:22,1.55726,1.55415,41,-28,0,31.1,311
400.1316984603652,5887090,SELL,GBP/USD,1,2011/09/26 10:56:45,2011/09/26 15:06:33,1.55191,1.557,20,-51,0,-50.9,-509
400.1316984577782,5885049,SELL,AUD/USD,1,2011/09/26 09:11:39,2011/09/26 14:01:37,0.97592,0.9723,37,-71,0,36.2,362
400.1316984573586,5884429,SELL,EUR/USD,1,2011/09/26 08:55:30,2011/09/26 09:41:24,1.34569,1.34551,4,-22,0,1.8,18
400.1316685198821,5843613,SELL,GBP/USD,1,2011/09/23 07:05:37,2011/09/23 12:12:00,1.54268,1.5407,40,-47,0,19.8,198
400.1316685100300,5835660,SELL,GBP/USD,1,2011/09/23 00:15:08,2011/09/23 05:48:56,1.5423,1.53925,46,-15,0,30.5,305
400.1316685102018,5836064,BUY,USD/CAD,1,2011/09/23 00:21:37,2011/09/23 02:10:50,1.02284,1.02723,47,-4,0,43.9,427.36
400.1316685093706,5834316,SELL,AUD/USD,1,2011/09/22 23:50:11,2011/09/23 01:55:39,0.98046,0.97748,33,-60,-21.15,29.8,276.85
400.1316425996584,5805998,BUY,GBP/USD,1,2011/09/22 08:40:24,2011/09/23 00:02:18,1.54505,1.53968,6,-124,0.98,-53.7,-536.02
400.1316685002704,5825443,SELL,EUR/USD,1,2011/09/22 17:34:59,2011/09/22 19:25:21,1.34776,1.34401,40,-54,0,37.5,375
400.1316425540609,5759410,SELL,GBP/USD,1,2011/09/21 01:29:22,2011/09/21 04:48:19,1.57347,1.5731,8,-6,0,3.7,37
400.1316425364886,5748329,BUY,USD/CHF,1,2011/09/20 13:01:50,2011/09/20 15:58:01,0.88919,0.88712,28,-46,0,-20.7,-233.34
400.1316425319639,5744863,BUY,GBP/USD,1,2011/09/20 09:54:51,2011/09/20 11:25:45,1.57279,1.56866,4,-42,0,-41.3,-413
400.1315776497003,5693249,SELL,AUD/USD,1,2011/09/16 13:03:42,2011/09/18 21:20:04,1.03494,1.0299,51,-50,-22.36,50.4,481.64
400.1315776514070,5694541,SELL,AUD/USD,1,2011/09/16 14:07:01,2011/09/16 18:32:22,1.03746,1.03658,21,-25,0,8.8,88
400.1315776174592,5674274,SELL,USD/JPY,1,2011/09/15 15:50:53,2011/09/16 14:36:15,76.701,76.964,8,-26,-0.92,-26.3,-342.64
400.1315776136924,5670641,SELL,EUR/USD,1,2011/09/15 13:30:17,2011/09/15 21:57:16,1.38852,1.38838,58,-25,0,1.4,14
400.1315776131043,5669260,SELL,USD/CHF,1,2011/09/15 13:11:22,2011/09/15 13:28:40,0.86978,0.86864,49,-3,0,11.4,131.24
400.1315776129132,5668815,BUY,EUR/USD,1,2011/09/15 13:06:25,2011/09/15 13:10:42,1.385,1.38595,27,-4,0,9.5,95
400.1315776090449,5664541,BUY,USD/CHF,1,2011/09/15 10:39:44,2011/09/15 13:07:22,0.87294,0.86936,22,-36,0,-35.8,-411.8
400.1315776080244,5663857,SELL,EUR/USD,1,2011/09/15 10:00:41,2011/09/15 12:37:45,1.38097,1.37962,28,-17,0,13.5,135
400.1315775732108,5641765,SELL,GBP/USD,1,2011/09/14 11:16:36,2011/09/14 14:11:28,1.58024,1.57872,35,-8,0,15.2,152
400.1315775236179,5596126,BUY,USD/CAD,1,2011/09/13 02:43:49,2011/09/13 08:11:33,0.99186,0.996,42,-7,0,41.4,415.66
400.1315775009711,5555371,BUY,USD/CHF,1,2011/09/12 11:48:58,2011/09/12 15:03:04,0.88254,0.88459,27,-25,0,20.5,231.75
400.1315775046365,5559636,SELL,AUD/USD,1,2011/09/12 14:08:12,2011/09/12 15:02:02,1.03776,1.03307,52,-4,0,46.9,469
400.1315774819952,5540283,SELL,USD/CHF,1,2011/09/11 23:00:02,2011/09/12 09:58:51,0.88673,0.8842,33,-63,0,25.3,286.13
400.1315774867323,5542203,BUY,EUR/USD,1,2011/09/12 02:19:19,2011/09/12 09:49:10,1.35867,1.364,55,-93,0,53.3,533
400.1315171586144,5520382,SELL,USD/JPY,1,2011/09/09 05:31:37,2011/09/09 18:42:03,77.465,77.431,36,-40,0,3.4,43.91
400.1315171434265,5512965,BUY,GBP/USD,1,2011/09/08 19:16:14,2011/09/09 06:40:10,1.59538,1.59574,36,-9,1.02,3.6,37.02
400.1315171257360,5499822,BUY,USD/CAD,1,2011/09/08 08:19:53,2011/09/08 14:15:00,0.98523,0.9847,9,-23,0,-5.3,-53.82
400.1315171324034,5503874,SELL,EUR/USD,1,2011/09/08 12:35:08,2011/09/08 13:20:02,1.40056,1.39956,59,-14,0,10,100
400.1315171273624,5500711,SELL,USD/CHF,1,2011/09/08 09:23:25,2011/09/08 11:05:03,0.86253,0.86412,2,-22,0,-15.9,-184
400.1315170952762,5483556,BUY,USD/CAD,1,2011/09/07 11:50:38,2011/09/07 15:58:48,0.98642,0.98804,45,-6,0,16.2,163.96
400.1315170910502,5479447,SELL,EUR/USD,1,2011/09/07 09:08:53,2011/09/07 10:43:01,1.41001,1.40444,74,-4,0,55.7,557
400.1315170910460,5479442,SELL,GBP/USD,1,2011/09/07 09:08:34,2011/09/07 10:28:17,1.6009,1.59747,53,-2,0,34.3,343
400.1315170862303,5475719,SELL,EUR/USD,1,2011/09/07 06:04:52,2011/09/07 08:49:21,1.40595,1.40888,10,-91,0,-29.3,-293
400.1315170870965,5476434,SELL,EUR/USD,1,2011/09/07 06:38:15,2011/09/07 08:49:17,1.40716,1.4088,19,-79,0,-16.4,-164
400.1315170894290,5477912,SELL,GBP/USD,1,2011/09/07 08:07:51,2011/09/07 08:48:57,1.60147,1.59955,37,-26,0,19.2,192
400.1315170591302,5459417,SELL,USD/CHF,1,2011/09/06 12:14:10,2011/09/07 06:43:13,0.85342,0.85644,0,-95,-0.72,-30.2,-353.34
400.1315170584413,5458729,BUY,EUR/USD,1,2011/09/06 11:49:25,2011/09/06 22:27:34,1.41331,1.40011,1,-162,0,-132,-1320
400.1315170548354,5452739,SELL,EUR/USD,1,2011/09/06 09:32:54,2011/09/06 10:12:05,1.4211,1.4175,40,-5,0,36,360
400.1315170525837,5445998,SELL,USD/CHF,1,2011/09/06 08:13:07,2011/09/06 09:16:29,0.85063,0.84509,65,-68,0,55.4,655.55
400.1315170353975,5420955,SELL,EUR/USD,1,2011/09/06 08:02:27,2011/09/06 08:02:46,1.4179,1.4279,0,-107,0,-100,-1000
400.1315170072273,5400079,BUY,AUD/USD,1,2011/09/05 01:28:26,2011/09/06 08:02:40,1.05785,1.059,27,-88,7.26,11.5,122.26
400.1315170473743,5431519,BUY,EUR/USD,1,2011/09/06 04:59:11,2011/09/06 08:02:11,1.40595,1.413,82,-22,0,70.5,705
400.1315170505695,5438492,BUY,USD/CHF,1,2011/09/06 07:04:34,2011/09/06 07:18:55,0.79255,0.79302,11,-14,0,4.7,59.27
400.1314627544340,5392107,SELL,USD/CHF,1,2011/09/02 15:17:33,2011/09/05 09:17:11,0.785,0.78777,9,-65,-0.72,-27.7,-352.35
400.1314627033447,5361113,BUY,USD/CAD,1,2011/09/01 05:34:00,2011/09/04 22:45:02,0.97758,0.9867,95,-40,-8.12,91.2,916.17
400.1314627497213,5386942,SELL,GBP/USD,1,2011/09/02 12:23:42,2011/09/02 13:23:22,1.62177,1.61987,22,-38,0,19,190
400.1314627060274,5363903,SELL,EUR/USD,1,2011/09/01 07:16:58,2011/09/01 22:39:28,1.43236,1.42623,96,-4,0,61.3,613
400.1314626975949,5357929,BUY,AUD/USD,1,2011/09/01 01:33:08,2011/09/01 03:23:06,1.07131,1.0696,8,-17,0,-17.1,-171
400.1314626830753,5347135,SELL,EUR/USD,1,2011/08/31 15:47:35,2011/08/31 19:03:53,1.44093,1.43777,49,-8,0,31.6,316
400.1314626719987,5335464,SELL,GBP/USD,1,2011/08/31 08:32:19,2011/08/31 09:29:35,1.62669,1.62898,3,-24,0,-22.9,-229
400.1314626366285,5307716,BUY,EUR/USD,1,2011/08/30 08:33:18,2011/08/30 09:46:08,1.44406,1.44108,12,-43,0,-29.8,-298
400.1313962088303,5267340,BUY,EUR/USD,1,2011/08/26 15:45:46,2011/08/30 06:09:04,1.44709,1.45149,77,-16,3.83,44,443.83
400.1314626107168,5292261,SELL,GBP/USD,1,2011/08/29 14:27:46,2011/08/30 01:27:52,1.6439,1.64084,51,-16,-3.35,30.6,302.65
400.1314565407535,5288694,SELL,GBP/USD,1,2011/08/29 11:26:06,2011/08/29 11:43:33,1.63974,1.63951,10,-5,0,2.3,23
400.1313962072321,5265406,SELL,EUR/USD,1,2011/08/26 14:46:57,2011/08/26 15:45:37,1.4353,1.44592,2,-109,0,-106.2,-1062
400.1313962065903,5264303,BUY,USD/CHF,1,2011/08/26 14:25:22,2011/08/26 15:37:06,0.79999,0.80465,156,-4,0,46.6,579.13
400.1313962055260,5262415,BUY,EUR/USD,1,2011/08/26 13:49:23,2011/08/26 14:02:34,1.44411,1.43996,7,-52,0,-41.5,-415
400.1313961954498,5256580,SELL,USD/CHF,1,2011/08/26 07:02:31,2011/08/26 09:38:24,0.78931,0.7939,0,-47,0,-45.9,-578.16
400.1313961930584,5255112,SELL,EUR/USD,1,2011/08/26 05:40:35,2011/08/26 08:31:22,1.4426,1.44467,6,-24,0,-20.7,-207
400.1313961868427,5252736,BUY,EUR/USD,1,2011/08/26 00:58:01,2011/08/26 03:35:22,1.44164,1.44103,0,-19,0,-6.1,-61
400.1313961838290,5251682,SELL,EUR/USD,1,2011/08/25 22:49:05,2011/08/26 00:44:27,1.4373,1.44,1,-28,-6.07,-27,-276.07
400.1313961638249,5240755,SELL,USD/JPY,1,2011/08/25 09:06:29,2011/08/25 17:47:11,77.099,77.59,4,-49,0,-49.1,-632.81
400.1313961699259,5244344,BUY,EUR/USD,1,2011/08/25 13:16:46,2011/08/25 13:53:26,1.44586,1.4418,0,-43,0,-40.6,-406
400.1313961696692,5243924,SELL,GBP/USD,1,2011/08/25 13:08:15,2011/08/25 13:10:36,1.63312,1.6356,0,-25,0,-24.8,-248
400.1313961608283,5238820,BUY,EUR/USD,1,2011/08/25 07:08:39,2011/08/25 09:05:01,1.4446,1.44329,28,-17,0,-13.1,-131
400.1313961375980,5227690,BUY,USD/CHF,1,2011/08/24 14:39:01,2011/08/24 23:14:26,0.79075,0.79577,56,-2,0,50.2,630.84
400.1313961344175,5225112,BUY,EUR/USD,1,2011/08/24 12:33:06,2011/08/24 14:45:45,1.44684,1.44347,12,-40,0,-33.7,-337
400.1313961329618,5224247,SELL,GBP/USD,1,2011/08/24 11:35:47,2011/08/24 11:50:01,1.64698,1.6472,2,-12,0,-2.2,-22
400.1313961284827,5221522,BUY,EUR/USD,1,2011/08/24 08:28:39,2011/08/24 10:06:57,1.44425,1.44681,32,-17,0,25.6,256
400.1313961128892,5212072,SELL,AUD/USD,1,2011/08/23 21:39:05,2011/08/23 23:50:04,1.05274,1.05201,20,-5,0,7.3,73
400.1313960937412,5199042,BUY,EUR/USD,1,2011/08/23 09:02:16,2011/08/23 13:44:04,1.44455,1.4394,53,-53,0,-51.5,-515
400.1313960913395,5194427,BUY,EUR/USD,1,2011/08/23 07:30:05,2011/08/23 13:44:04,1.44215,1.4394,77,-29,0,-27.5,-275
400.1313960911131,5194174,BUY,GBP/USD,1,2011/08/23 07:21:59,2011/08/23 07:46:33,1.65166,1.65189,3,-23,0,2.3,23
400.1313960549817,5172580,BUY,EUR/USD,1,2011/08/22 06:33:47,2011/08/22 08:49:22,1.4355,1.43987,59,-9,0,43.7,437
400.1313587012917,5165334,BUY,GBP/USD,1,2011/08/19 17:29:04,2011/08/22 07:10:49,1.652,1.64975,0,-59,1.05,-22.5,-223.95
400.1313586934215,5159855,SELL,AUD/USD,1,2011/08/19 12:13:24,2011/08/19 17:41:47,1.04373,1.04214,20,-45,0,15.9,159
400.1313586932480,5159794,BUY,EUR/USD,1,2011/08/19 12:07:17,2011/08/19 13:52:08,1.43935,1.44157,31,-10,0,22.2,222
400.1313586917397,5157850,SELL,EUR/USD,1,2011/08/19 11:08:12,2011/08/19 11:50:54,1.43119,1.43572,0,-47,0,-45.3,-453
400.1313586783531,5147942,SELL,EUR/USD,1,2011/08/19 02:02:11,2011/08/19 09:03:48,1.4314,1.43324,54,-27,0,-18.4,-184
400.1313586877133,5155521,SELL,EUR/USD,1,2011/08/19 08:26:22,2011/08/19 08:27:31,1.42904,1.42898,1,-2,0,0.6,6
400.1313586853081,5151096,SELL,USD/CHF,1,2011/08/19 06:56:28,2011/08/19 07:50:35,0.79049,0.78996,22,-10,0,5.3,67.09
400.1313586620032,5139740,SELL,EUR/USD,1,2011/08/18 14:50:48,2011/08/19 00:14:43,1.43041,1.43028,10,-44,-6.03,1.3,6.97
400.1313586601456,5137281,SELL,GBP/USD,1,2011/08/18 13:44:47,2011/08/18 14:30:10,1.64829,1.64479,61,-24,0,35,350
400.1313586606452,5137931,SELL,USD/CHF,1,2011/08/18 14:01:57,2011/08/18 14:24:13,0.78768,0.78912,17,-15,0,-14.4,-182.48
400.1313586554510,5134432,BUY,GBP/USD,1,2011/08/18 10:40:40,2011/08/18 13:13:21,1.64966,1.65169,34,-23,0,20.3,203
400.1313586401346,5125157,BUY,EUR/USD,1,2011/08/18 00:03:13,2011/08/18 06:07:35,1.44142,1.439,7,-32,0,-24.2,-242
400.1313586281731,5120355,BUY,EUR/USD,1,2011/08/17 15:36:51,2011/08/18 01:16:14,1.44309,1.44,25,-31,5.71,-30.9,-303.29
400.1313586259278,5118534,SELL,AUD/USD,1,2011/08/17 14:10:39,2011/08/17 15:37:28,1.05851,1.05658,26,-18,0,19.3,193
400.1313488530131,5110980,BUY,EUR/USD,1,2011/08/17 08:06:25,2011/08/17 15:16:27,1.44041,1.44327,111,-28,0,28.6,286
400.1313488515402,5109310,SELL,EUR/USD,1,2011/08/17 07:07:00,2011/08/17 07:27:32,1.43362,1.438,10,-115,0,-43.8,-438
400.1313355896635,5067549,BUY,EUR/USD,1,2011/08/15 12:55:01,2011/08/17 07:06:17,1.43703,1.435,106,-27,3.81,-20.3,-199.19
400.1313488513868,5108869,SELL,USD/CHF,1,2011/08/17 07:01:47,2011/08/17 07:05:17,0.79118,0.78702,46,-7,0,41.6,528.58
400.1313356134556,5085035,BUY,EUR/USD,1,2011/08/16 05:41:18,2011/08/16 13:53:55,1.44165,1.4389,0,-63,0,-27.5,-275
400.1313356093884,5081266,SELL,AUD/USD,1,2011/08/16 02:40:45,2011/08/16 03:21:48,1.0496,1.04856,13,-4,0,10.4,104
400.1313355717925,5043506,SELL,USD/CHF,1,2011/08/15 00:18:17,2011/08/15 13:18:19,0.78765,0.78452,45,-122,0,31.3,398.97
400.1313355798390,5054102,SELL,USD/CHF,1,2011/08/15 06:11:24,2011/08/15 12:54:02,0.79818,0.7877,116,-17,0,104.8,1330.46
400.1312753203018,5035071,BUY,USD/CHF,1,2011/08/12 14:47:48,2011/08/12 15:36:25,0.77358,0.768,6,-56,0,-55.8,-726.56
400.1312753121781,5026715,BUY,GBP/USD,1,2011/08/12 09:10:00,2011/08/12 13:36:19,1.62892,1.62906,8,-34,0,1.4,14
400.1312753091326,5022214,SELL,EUR/USD,1,2011/08/12 07:11:56,2011/08/12 07:32:55,1.41596,1.41792,8,-20,0,-19.6,-196
400.1312752845988,5003711,SELL,USD/CHF,1,2011/08/11 14:00:22,2011/08/11 14:45:59,0.76761,0.76084,70,-13,0,67.7,889.81
400.1312752809434,4998506,SELL,EUR/USD,1,2011/08/11 11:42:13,2011/08/11 13:00:36,1.41499,1.41671,45,-17,0,-17.2,-172
400.1312752603297,4969370,SELL,EUR/USD,1,2011/08/11 01:48:26,2011/08/11 10:03:13,1.421,1.41711,42,-66,0,38.9,389
400.1312752729198,4986439,SELL,GBP/USD,1,2011/08/11 06:43:29,2011/08/11 08:11:24,1.61966,1.61825,36,-12,0,14.1,141
400.1312752716852,4984515,BUY,USD/CHF,1,2011/08/11 05:57:22,2011/08/11 06:11:36,0.73175,0.72875,0,-30,0,-30,-411.66
400.1312752452229,4954688,SELL,EUR/USD,1,2011/08/10 12:51:52,2011/08/10 22:20:12,1.43023,1.4146,166,-4,0,156.3,1563
400.1312752506402,4962800,SELL,GBP/USD,1,2011/08/10 16:07:18,2011/08/10 22:19:04,1.61817,1.61267,64,-3,0,55,550
400.1312752378186,4946664,BUY,USD/JPY,1,2011/08/10 08:09:40,2011/08/10 14:50:19,76.67,76.516,4,-32,0,-15.4,-201.27
400.1312752252038,4936390,BUY,EUR/USD,1,2011/08/09 23:47:00,2011/08/10 09:40:03,1.43699,1.4384,30,-60,1.89,14.1,142.89
400.1312752335924,4942428,SELL,USD/CHF,1,2011/08/10 05:34:29,2011/08/10 06:40:05,0.7267,0.7217,50,-37,0,50,692.81
400.1312752198807,4932365,SELL,AUD/USD,1,2011/08/09 20:20:12,2011/08/10 00:02:38,1.03526,1.03419,17,-66,-22.3,10.7,84.7
400.1312752037213,4911995,BUY,USD/JPY,1,2011/08/09 10:00:33,2011/08/09 13:37:18,77.064,77.221,27,-9,0,15.7,203.31
400.1312751990122,4905922,SELL,AUD/USD,1,2011/08/09 07:06:44,2011/08/09 07:44:57,1.02241,1.01488,78,-34,0,75.3,753
400.1312751958547,4903186,SELL,AUD/USD,1,2011/08/09 05:06:07,2011/08/09 07:00:08,1.0131,1.0231,4,-100,0,-100,-1000
400.1312751930664,4900174,SELL,USD/CAD,1,2011/08/09 03:16:50,2011/08/09 06:04:58,0.99883,0.99469,49,-4,0,41.4,416.21
400.1312751818922,4890747,SELL,USD/CAD,1,2011/08/08 19:53:35,2011/08/09 02:28:59,0.99018,1,0,-99,1.17,-98.2,-980.83
400.1312751478303,4862284,BUY,EUR/USD,1,2011/08/07 22:58:42,2011/08/08 01:12:04,1.43,1.4351,56,-13,0,51,510
400.1312203554342,4858142,BUY,EUR/USD,1,2011/08/05 16:39:23,2011/08/07 21:16:44,1.42395,1.43911,186,-10,1.89,151.6,1517.89
400.1312203540384,4857001,SELL,AUD/USD,1,2011/08/05 15:47:13,2011/08/05 16:10:55,1.04,1.04556,23,-56,0,-55.6,-556
400.1312203515339,4854804,BUY,GBP/USD,1,2011/08/05 14:14:15,2011/08/05 15:40:50,1.63631,1.63673,29,-7,0,4.2,42
400.1312203510081,4854073,SELL,AUD/USD,1,2011/08/05 13:55:40,2011/08/05 15:01:44,1.04476,1.04431,10,-52,0,4.5,45
400.1312203503519,4853392,BUY,GBP/USD,1,2011/08/05 13:31:47,2011/08/05 13:47:00,1.63458,1.63228,4,-23,0,-23,-230
400.1312203466710,4850477,SELL,EUR/USD,1,2011/08/05 11:15:11,2011/08/05 13:20:52,1.41649,1.42,30,-52,0,-35.1,-351
400.1312203435864,4848273,SELL,EUR/USD,1,2011/08/05 09:20:21,2011/08/05 10:03:22,1.41623,1.41301,37,-8,0,32.2,322
400.1312203416239,4847228,SELL,USD/CAD,1,2011/08/05 08:06:54,2011/08/05 09:34:16,0.97969,0.97943,15,-18,0,2.6,26.55
400.1312203323845,4841233,SELL,EUR/USD,1,2011/08/05 07:27:46,2011/08/05 07:41:04,1.4155,1.41435,16,-14,0,11.5,115
400.1312203225293,4833506,BUY,AUD/USD,1,2011/08/04 20:14:56,2011/08/05 02:01:27,1.0464,1.04886,30,-41,7.21,24.6,253.21
400.1312203281077,4837780,BUY,EUR/USD,1,2011/08/04 23:41:13,2011/08/05 02:01:11,1.4073,1.41058,44,-5,1.86,32.8,329.86
400.1312203118139,4823282,BUY,USD/JPY,1,2011/08/04 13:46:20,2011/08/04 20:12:29,79.148,79.111,0,-49,0,-3.7,-46.77
400.1312203063441,4817588,SELL,USD/JPY,1,2011/08/04 10:30:14,2011/08/04 12:15:23,80.029,79.642,45,-3,0,38.7,485.92
400.1312203012450,4811828,SELL,USD/CHF,1,2011/08/04 07:34:02,2011/08/04 09:36:41,0.77823,0.77758,38,-14,0,6.5,83.59
400.1312202735335,4790950,SELL,AUD/USD,1,2011/08/03 14:06:10,2011/08/04 08:25:13,1.07283,1.06337,104,-53,-69.59,94.6,876.41
400.1312202750353,4792782,BUY,GBP/USD,1,2011/08/03 14:59:45,2011/08/03 16:20:14,1.6413,1.64071,10,-24,0,-5.9,-59
400.1312202644982,4781760,BUY,GBP/USD,1,2011/08/03 08:31:59,2011/08/03 11:13:26,1.6365,1.63873,41,-16,0,22.3,223
400.1312202633700,4780169,SELL,GBP/USD,1,2011/08/03 07:53:45,2011/08/03 08:28:48,1.63029,1.63575,5,-55,0,-54.6,-546
400.1312202496557,4766614,BUY,AUD/USD,1,2011/08/02 22:55:28,2011/08/03 01:30:31,1.07394,1.06897,20,-54,7.41,-49.7,-489.59
400.1312202517219,4770256,BUY,AUD/USD,1,2011/08/03 00:19:04,2011/08/03 01:30:28,1.07294,1.06851,25,-44,0,-44.3,-443
400.1312202328642,4751600,BUY,AUD/USD,1,2011/08/02 12:19:39,2011/08/02 22:39:58,1.08343,1.07596,31,-75,0,-74.7,-747
400.1312202475692,4764475,BUY,AUD/USD,1,2011/08/02 21:37:28,2011/08/02 22:39:54,1.07824,1.07601,2,-23,0,-22.3,-223
400.1312202283844,4747812,SELL,EUR/USD,1,2011/08/02 09:26:21,2011/08/02 12:32:15,1.41713,1.41688,19,-39,0,2.5,25
400.1312202145762,4738304,SELL,EUR/USD,1,2011/08/02 00:31:44,2011/08/02 06:29:43,1.42684,1.42419,44,-16,0,26.5,265
400.1312202078312,4733828,SELL,USD/CHF,1,2011/08/01 20:04:41,2011/08/02 04:56:52,0.7835,0.78147,21,-23,-0.72,20.3,259.05
400.1312146212988,4704190,SELL,EUR/USD,1,2011/08/01 09:33:28,2011/08/01 14:05:37,1.443,1.42876,161,-24,0,142.4,1424
400.1312146059105,4672182,SELL,AUD/USD,1,2011/07/31 23:11:23,2011/08/01 09:33:22,1.10127,1.10393,2,-49,0,-26.6,-266
400.1312146086320,4677131,SELL,USD/CHF,1,2011/08/01 00:57:02,2011/08/01 04:19:10,0.79489,0.79076,42,-3,0,41.3,522.28
400.1311858356960,4642753,BUY,GBP/USD,1,2011/07/29 13:30:51,2011/07/29 15:10:12,1.63988,1.6451,54,-19,0,52.2,522
400.1311858190913,4624163,BUY,AUD/USD,1,2011/07/29 03:00:26,2011/07/29 15:07:40,1.0976,1.09967,21,-65,0,20.7,207
400.1311858341833,4638390,BUY,USD/CAD,1,2011/07/29 12:39:29,2011/07/29 14:57:37,0.95606,0.95387,28,-22,0,-21.9,-229.59
400.1311858243549,4631142,SELL,USD/CAD,1,2011/07/29 06:21:28,2011/07/29 12:31:42,0.95115,0.95433,12,-32,0,-31.8,-333.22
400.1311542477046,4590364,SELL,EUR/USD,1,2011/07/28 09:53:06,2011/07/29 02:31:19,1.43234,1.429,68,-17,-6.05,33.4,327.95
400.1311542372108,4577478,BUY,GBP/USD,1,2011/07/28 02:55:58,2011/07/28 04:35:19,1.63239,1.63314,19,-3,0,7.5,75
400.1311542198576,4567519,BUY,EUR/USD,1,2011/07/27 16:09:51,2011/07/28 04:34:21,1.434,1.43607,36,-9,5.69,20.7,212.69
400.1311542137168,4562309,BUY,EUR/USD,1,2011/07/27 11:32:30,2011/07/27 15:10:41,1.44602,1.436,11,-102,0,-100.2,-1002
400.1311541801455,4537614,BUY,EUR/USD,1,2011/07/26 13:01:13,2011/07/26 18:44:45,1.44681,1.45133,56,-13,0,45.2,452
400.1311541788543,4536826,BUY,EUR/USD,1,2011/07/26 12:10:19,2011/07/26 12:10:29,1.44774,1.44776,0,-1,0,0.2,2
400.1311541788389,4536821,SELL,EUR/USD,1,2011/07/26 12:09:54,2011/07/26 12:10:12,1.44753,1.44773,0,-3,0,-2,-20
400.1311541788224,4536816,BUY,EUR/USD,1,2011/07/26 12:09:21,2011/07/26 12:09:49,1.4479,1.44759,0,-4,0,-3.1,-31
400.1311541787813,4536808,BUY,EUR/USD,1,2011/07/26 12:07:54,2011/07/26 12:08:46,1.44781,1.44788,1,-2,0,0.7,7
400.1311541742713,4534268,BUY,EUR/USD,1,2011/07/26 09:07:28,2011/07/26 12:08:02,1.44751,1.44765,16,-14,0,1.4,14
400.1311541352676,4507497,BUY,EUR/USD,1,2011/07/25 07:07:10,2011/07/26 06:50:21,1.43508,1.45126,166,-27,1.9,161.8,1619.9
400.1311541368481,4509037,SELL,USD/CHF,1,2011/07/25 08:07:52,2011/07/26 03:34:33,0.80632,0.80186,55,-16,-0.72,44.6,555.49
400.1311322583700,4486044,BUY,EUR/USD,1,2011/07/22 11:56:02,2011/07/24 21:05:26,1.4384,1.4387,7,-61,0.75,3,30.75
400.1311322600334,4488895,BUY,EUR/USD,1,2011/07/22 13:46:17,2011/07/24 21:01:28,1.434,1.4386,50,-17,0.75,46,460.75
400.1311170585599,4471718,BUY,USD/CHF,1,2011/07/22 07:29:27,2011/07/22 11:32:39,0.82281,0.82016,18,-28,0,-26.5,-323.11
400.1311170510691,4463610,BUY,EUR/USD,1,2011/07/22 02:26:05,2011/07/22 07:33:02,1.43888,1.44238,48,-8,0,35,350
400.1311170313770,4444350,BUY,EUR/USD,1,2011/07/21 13:24:41,2011/07/21 21:11:47,1.43315,1.44305,105,-37,0,99,990
400.1311170284637,4440653,SELL,EUR/USD,1,2011/07/21 11:39:01,2011/07/21 12:12:40,1.41763,1.42214,0,-54,0,-45.1,-451
400.1311170228616,4435738,BUY,EUR/USD,1,2011/07/21 09:06:48,2011/07/21 11:35:33,1.4195,1.41811,2,-57,0,-13.9,-139
400.1310937275209,4418239,SELL,USD/JPY,1,2011/07/20 08:40:30,2011/07/21 05:36:00,78.785,78.868,16,-24,-5.55,-8.3,-110.79
400.1310937216752,4414928,SELL,USD/JPY,1,2011/07/20 04:50:58,2011/07/21 03:52:15,79.132,78.69,50,-5,-5.55,44.2,556.15
400.1310937242493,4416067,BUY,EUR/USD,1,2011/07/20 06:35:58,2011/07/20 07:16:27,1.41849,1.4164,7,-24,0,-20.9,-209
400.1310936892125,4396934,SELL,USD/CHF,1,2011/07/19 19:16:07,2011/07/20 07:12:21,0.8265,0.8235,36,-14,-1.68,30,362.62
400.1310936963262,4401897,BUY,EUR/USD,1,2011/07/19 11:19:28,2011/07/19 18:18:10,1.41682,1.412,43,-52,0,-48.2,-482
400.1310936903053,4397946,BUY,EUR/USD,1,2011/07/19 07:20:59,2011/07/19 18:18:10,1.41482,1.412,68,-32,0,-28.2,-282
400.1310936588532,4384608,SELL,USD/CHF,1,2011/07/18 09:22:53,2011/07/19 06:28:07,0.81631,0.821,9,-48,-1.68,-46.9,-572.93
400.1310551868652,4281731,SELL,USD/CHF,1,2011/07/14 03:23:07,2011/07/19 06:28:06,0.81165,0.821,26,-94,-5.04,-93.5,-1143.9
400.1310640775718,4305136,SELL,USD/CHF,1,2011/07/15 06:09:46,2011/07/17 21:31:56,0.81569,0.80998,66,-36,-1.68,57.1,703.28
400.1310640799986,4308044,SELL,USD/CHF,1,2011/07/15 07:47:11,2011/07/17 21:14:25,0.81752,0.80986,84,-18,-1.68,76.6,944.16
400.1310640876098,4313146,SELL,GBP/USD,1,2011/07/15 12:52:10,2011/07/15 13:01:27,1.60755,1.60991,0,-24,0,-23.6,-236
400.1310640533809,4290526,SELL,USD/CHF,1,2011/07/14 13:20:11,2011/07/14 16:29:37,0.81717,0.81649,9,-29,0,6.8,83.28
400.1310640503259,4289035,BUY,GBP/USD,1,2011/07/14 11:15:29,2011/07/14 13:08:48,1.61148,1.61316,35,-8,0,16.8,168
400.1310551910263,4284026,BUY,EUR/USD,1,2011/07/14 06:06:40,2011/07/14 07:03:06,1.41784,1.41847,35,-11,0,6.3,63
400.1310551793408,4277307,SELL,EUR/USD,1,2011/07/13 22:10:39,2011/07/14 06:00:49,1.4222,1.41805,42,-61,-8.3,41.5,406.7
400.1310551815811,4278992,SELL,EUR/USD,1,2011/07/13 23:43:09,2011/07/14 05:58:14,1.42465,1.41961,57,-36,-8.3,50.4,495.7
400.1310551818596,4279452,SELL,EUR/USD,1,2011/07/13 23:53:59,2011/07/14 04:01:49,1.4272,1.42134,64,-2,-8.3,58.6,577.7
400.1310332484011,4262177,SELL,EUR/USD,1,2011/07/13 09:35:48,2011/07/14 03:23:03,1.40938,1.42222,56,-189,-8.3,-128.4,-1292.3
400.1310551809505,4278599,SELL,USD/JPY,1,2011/07/13 23:17:10,2011/07/13 23:53:52,78.9,78.861,8,-2,0,3.9,49.45
400.1310332390464,4257492,SELL,GBP/USD,1,2011/07/13 03:07:13,2011/07/13 11:56:05,1.59366,1.59642,24,-53,0,-27.6,-276
400.1310332491129,4262612,SELL,EUR/USD,1,2011/07/13 10:03:16,2011/07/13 11:29:13,1.41012,1.40689,47,-3,0,32.3,323
400.1310332117648,4223108,SELL,USD/JPY,1,2011/07/12 08:16:31,2011/07/13 09:17:25,79.451,79.297,93,-42,-1.85,15.4,192.36
400.1310332136630,4225725,SELL,EUR/USD,1,2011/07/12 18:11:30,2011/07/12 19:26:40,1.4037,1.3987,51,-18,0,50,500
400.1310332041171,4216613,BUY,AUD/USD,1,2011/07/12 03:02:08,2011/07/12 07:14:23,1.05892,1.05419,26,-48,0,-47.3,-473
400.1310331789584,4199157,BUY,AUD/USD,1,2011/07/11 09:26:40,2011/07/12 02:04:01,1.06991,1.059,3,-109,5.47,-109.1,-1085.53
400.1309974717112,4177309,BUY,GBP/USD,1,2011/07/08 12:39:30,2011/07/08 14:49:21,1.60089,1.60599,68,-16,0,51,510
400.1309974686670,4173286,SELL,USD/CAD,1,2011/07/08 10:30:07,2011/07/08 11:20:55,0.95962,0.95855,23,-4,0,10.7,111.63
400.1309974393589,4155169,BUY,AUD/USD,1,2011/07/07 12:56:31,2011/07/07 15:05:18,1.07666,1.07675,8,-19,0,0.9,9
400.1309974308010,4144985,SELL,EUR/USD,1,2011/07/07 06:50:26,2011/07/07 08:10:29,1.43334,1.43022,56,-13,0,31.2,312
400.1309727657448,4129016,BUY,EUR/USD,1,2011/07/06 10:50:36,2011/07/06 23:46:26,1.43404,1.43262,7,-55,0,-14.2,-142
400.1309727579513,4122759,SELL,GBP/USD,1,2011/07/06 05:18:44,2011/07/06 14:32:06,1.60655,1.59701,116,-4,0,95.4,954
400.1309123161360,4040451,SELL,GBP/USD,1,2011/06/30 03:01:25,2011/06/30 08:27:32,1.61151,1.60145,106,-3,0,100.6,1006
400.1309122943284,4022746,SELL,GBP/USD,1,2011/06/29 11:34:10,2011/06/30 08:23:53,1.60338,1.60254,44,-86,-10.94,8.4,73.06
400.1309122750631,4010892,BUY,USD/CAD,1,2011/06/28 22:10:03,2011/06/29 11:16:41,0.98117,0.97336,12,-90,-2.68,-78.1,-805.06
400.1309122599595,3999759,SELL,AUD/USD,1,2011/06/28 12:41:33,2011/06/28 14:30:33,1.04831,1.05228,3,-40,0,-39.7,-397
400.1309122454475,3988455,SELL,AUD/USD,1,2011/06/28 02:58:55,2011/06/28 04:31:28,1.04705,1.04489,25,-4,0,21.6,216
400.1309122393057,3986356,SELL,EUR/USD,1,2011/06/27 22:38:34,2011/06/28 03:42:03,1.42979,1.42979,8,-31,-2.78,0,-2.78
400.1308735036325,3909081,SELL,GBP/USD,1,2011/06/24 11:31:07,2011/06/24 17:25:42,1.60265,1.59713,64,-7,0,55.2,552
400.1308735017767,3902080,SELL,EUR/USD,1,2011/06/24 10:19:42,2011/06/24 10:59:16,1.42233,1.4203,30,-16,0,20.3,203
400.1308734724087,3836411,SELL,EUR/USD,1,2011/06/23 19:02:08,2011/06/24 08:18:48,1.4225,1.42449,27,-54,-2.77,-19.9,-201.77
400.1308734924790,3866083,SELL,GBP/USD,1,2011/06/24 04:20:18,2011/06/24 07:30:07,1.60209,1.59663,58,-4,0,54.6,546
400.1308734529249,3818824,BUY,EUR/USD,1,2011/06/23 12:17:42,2011/06/23 16:57:54,1.421,1.4182,0,-83,0,-28,-280
400.1308734639882,3828541,BUY,EUR/USD,1,2011/06/23 09:36:16,2011/06/23 16:57:54,1.42506,1.4182,3,-124,0,-68.6,-686
400.1308734716152,3835658,BUY,EUR/USD,1,2011/06/23 14:26:22,2011/06/23 16:57:54,1.41495,1.4182,32,-23,0,32.5,325
400.1308734357225,3804273,SELL,USD/CHF,1,2011/06/22 14:48:34,2011/06/22 16:00:34,0.83525,0.83618,0,-17,0,-9.3,-111.22
400.1308517924133,3786749,BUY,USD/CHF,1,2011/06/21 22:02:05,2011/06/22 13:40:28,0.84133,0.83888,18,-27,0.34,-24.5,-291.72
400.1308517428897,3750603,SELL,GBP/USD,1,2011/06/20 10:52:12,2011/06/22 11:06:29,1.61782,1.61264,65,-84,-7.37,51.8,510.63
400.1308517656260,3765780,BUY,USD/CAD,1,2011/06/21 02:58:52,2011/06/21 12:30:00,0.97872,0.97492,6,-40,0,-38,-389.78
400.1308517355937,3746209,BUY,EUR/USD,1,2011/06/20 05:41:36,2011/06/20 10:52:15,1.42279,1.42331,25,-38,0,5.2,52
400.1308239594223,3732918,SELL,GBP/USD,1,2011/06/17 10:47:47,2011/06/20 01:00:43,1.61711,1.61584,22,-25,-3.67,12.7,123.33
400.1308239419137,3707752,SELL,EUR/USD,1,2011/06/16 22:24:17,2011/06/17 04:30:05,1.42035,1.41487,61,-19,-2.76,54.8,545.24
400.1307912903041,3630400,SELL,EUR/USD,1,2011/06/14 05:50:57,2011/06/15 01:46:22,1.44354,1.44148,25,-63,-2.8,20.6,203.2
400.1307912876869,3629447,SELL,GBP/USD,1,2011/06/14 03:56:26,2011/06/14 15:59:42,1.64078,1.63877,30,-39,0,20.1,201
400.1307912676455,3618309,SELL,GBP/USD,1,2011/06/13 12:56:01,2011/06/13 19:42:58,1.63242,1.63785,40,-62,0,-54.3,-543
400.1307612812512,3582848,SELL,GBP/USD,1,2011/06/10 11:16:09,2011/06/10 13:24:47,1.63052,1.62631,50,-12,0,42.1,421
400.1307612674915,3562843,SELL,EUR/USD,1,2011/06/10 01:05:56,2011/06/10 05:04:16,1.45337,1.44906,48,-19,0,43.1,431
400.1307612514565,3553032,SELL,EUR/USD,1,2011/06/09 12:48:24,2011/06/09 13:19:05,1.45446,1.45,45,-6,0,44.6,446
400.1306841139670,3477844,SELL,USD/CHF,1,2011/06/03 04:35:02,2011/06/03 10:09:29,0.84414,0.84103,36,-6,0,31.1,369.78
400.1306840523683,3397585,BUY,GBP/USD,1,2011/06/01 16:30:02,2011/06/03 00:48:48,1.636,1.63707,57,-55,4.06,10.7,111.06
400.1306330964943,3246978,BUY,USD/CAD,1,2011/05/26 02:39:00,2011/05/26 23:04:30,0.9765,0.97911,49,-7,0,26.1,266.57
400.1306098826251,3227749,BUY,USD/CHF,1,2011/05/25 10:05:54,2011/05/26 12:47:35,0.87688,0.86718,3,-97,1.02,-97,-1117.55
400.1306098433012,3199442,SELL,EUR/USD,1,2011/05/24 05:24:00,2011/05/25 06:30:32,1.40736,1.40444,57,-61,-2.73,29.2,289.27
400.1306098492323,3204465,BUY,USD/CAD,1,2011/05/24 09:41:03,2011/05/25 06:15:07,0.97642,0.98144,51,-10,-2.68,50.2,508.81
400.1305732763804,3127321,BUY,USD/CAD,0.5,2011/05/18 23:49:14,2011/05/23 08:33:42,0.96953,0.97854,94,-55,-6.7,90.1,453.68
400.1305732764063,3127328,SELL,GBP/USD,0.5,2011/05/19 02:11:40,2011/05/19 19:45:50,1.618,1.623,48,-50,0,-50,-250
400.1305493363717,3056413,BUY,USD/CAD,1,2011/05/16 07:02:20,2011/05/16 10:00:22,0.96882,0.97431,57,-3,0,54.9,563.48
