Type,Symbol,Lots,DateOpen,PriceOpen,DateClose,PriceClose
1,USDCAD,1.0,2011-05-16 07:02:20,0.96882000000000001,2011-05-16 10:00:22,0.97431000000000001
1,USDCAD,0.5,2011-05-18 23:49:14,0.96953,2011-05-23 08:33:42,0.97853999999999997
-1,GBPUSD,0.5,2011-05-19 02:11:40,1.6180000000000001,2011-05-19 19:45:50,1.623
-1,EURUSD,1.0,2011-05-24 05:24:00,1.4073599999999999,2011-05-25 06:30:32,1.4044399999999999
1,USDCAD,1.0,2011-05-24 09:41:03,0.97641999999999995,2011-05-25 06:15:07,0.98143999999999998
1,USDCHF,1.0,2011-05-25 10:05:54,0.87687999999999999,2011-05-26 12:47:35,0.86717999999999995
1,USDCAD,1.0,2011-05-26 02:39:00,0.97650000000000003,2011-05-26 23:04:30,0.97911000000000004
1,GBPUSD,1.0,2011-06-01 16:30:02,1.6359999999999999,2011-06-03 00:48:48,1.63707
-1,USDCHF,1.0,2011-06-03 04:35:02,0.84414,2011-06-03 10:09:29,0.84103000000000006
-1,EURUSD,1.0,2011-06-09 12:48:24,1.4544600000000001,2011-06-09 13:19:05,1.45
-1,EURUSD,1.0,2011-06-10 01:05:56,1.4533700000000001,2011-06-10 05:04:16,1.44906
-1,GBPUSD,1.0,2011-06-10 11:16:09,1.63052,2011-06-10 13:24:47,1.6263099999999999
-1,GBPUSD,1.0,2011-06-13 12:56:01,1.63242,2011-06-13 19:42:58,1.63785
-1,GBPUSD,1.0,2011-06-14 03:56:26,1.6407799999999999,2011-06-14 15:59:42,1.6387700000000001
-1,EURUSD,1.0,2011-06-14 05:50:57,1.44354,2011-06-15 01:46:22,1.4414800000000001
-1,EURUSD,1.0,2011-06-16 22:24:17,1.42035,2011-06-17 04:30:05,1.4148700000000001
-1,GBPUSD,1.0,2011-06-17 10:47:47,1.61711,2011-06-20 01:00:43,1.6158399999999999
1,EURUSD,1.0,2011-06-20 05:41:36,1.42279,2011-06-20 10:52:15,1.4233100000000001
-1,GBPUSD,1.0,2011-06-20 10:52:12,1.61782,2011-06-22 11:06:29,1.6126400000000001
1,USDCAD,1.0,2011-06-21 02:58:52,0.97872000000000003,2011-06-21 12:30:00,0.97492000000000001
1,USDCHF,1.0,2011-06-21 22:02:05,0.84133000000000002,2011-06-22 13:40:28,0.83887999999999996
-1,USDCHF,1.0,2011-06-22 14:48:34,0.83525000000000005,2011-06-22 16:00:34,0.83618000000000003
1,EURUSD,1.0,2011-06-23 09:36:16,1.42506,2011-06-23 16:57:54,1.4181999999999999
1,EURUSD,1.0,2011-06-23 12:17:42,1.421,2011-06-23 16:57:54,1.4181999999999999
1,EURUSD,1.0,2011-06-23 14:26:22,1.4149499999999999,2011-06-23 16:57:54,1.4181999999999999
-1,EURUSD,1.0,2011-06-23 19:02:08,1.4225000000000001,2011-06-24 08:18:48,1.42449
-1,GBPUSD,1.0,2011-06-24 04:20:18,1.60209,2011-06-24 07:30:07,1.59663
-1,EURUSD,1.0,2011-06-24 10:19:42,1.4223300000000001,2011-06-24 10:59:16,1.4202999999999999
-1,GBPUSD,1.0,2011-06-24 11:31:07,1.6026499999999999,2011-06-24 17:25:42,1.5971299999999999
-1,EURUSD,1.0,2011-06-27 22:38:34,1.4297899999999999,2011-06-28 03:42:03,1.4297899999999999
-1,AUDUSD,1.0,2011-06-28 02:58:55,1.04705,2011-06-28 04:31:28,1.0448900000000001
-1,AUDUSD,1.0,2011-06-28 12:41:33,1.0483100000000001,2011-06-28 14:30:33,1.0522800000000001
1,USDCAD,1.0,2011-06-28 22:10:03,0.98116999999999999,2011-06-29 11:16:41,0.97336
-1,GBPUSD,1.0,2011-06-29 11:34:10,1.60338,2011-06-30 08:23:53,1.6025400000000001
-1,GBPUSD,1.0,2011-06-30 03:01:25,1.61151,2011-06-30 08:27:32,1.60145
-1,GBPUSD,1.0,2011-07-06 05:18:44,1.6065499999999999,2011-07-06 14:32:06,1.59701
1,EURUSD,1.0,2011-07-06 10:50:36,1.43404,2011-07-06 23:46:26,1.43262
-1,EURUSD,1.0,2011-07-07 06:50:26,1.4333400000000001,2011-07-07 08:10:29,1.43022
1,AUDUSD,1.0,2011-07-07 12:56:31,1.07666,2011-07-07 15:05:18,1.0767500000000001
-1,USDCAD,1.0,2011-07-08 10:30:07,0.95962000000000003,2011-07-08 11:20:55,0.95855000000000001
1,GBPUSD,1.0,2011-07-08 12:39:30,1.6008899999999999,2011-07-08 14:49:21,1.60599
1,AUDUSD,1.0,2011-07-11 09:26:40,1.0699099999999999,2011-07-12 02:04:01,1.0589999999999999
1,AUDUSD,1.0,2011-07-12 03:02:08,1.0589200000000001,2011-07-12 07:14:23,1.05419
-1,USDJPY,1.0,2011-07-12 08:16:31,79.450999999999993,2011-07-13 09:17:25,79.296999999999997
-1,EURUSD,1.0,2011-07-12 18:11:30,1.4036999999999999,2011-07-12 19:26:40,1.3987000000000001
-1,GBPUSD,1.0,2011-07-13 03:07:13,1.5936600000000001,2011-07-13 11:56:05,1.59642
-1,EURUSD,1.0,2011-07-13 09:35:48,1.4093800000000001,2011-07-14 03:23:03,1.42222
-1,EURUSD,1.0,2011-07-13 10:03:16,1.41012,2011-07-13 11:29:13,1.40689
-1,EURUSD,1.0,2011-07-13 22:10:39,1.4221999999999999,2011-07-14 06:00:49,1.41805
-1,USDJPY,1.0,2011-07-13 23:17:10,78.900000000000006,2011-07-13 23:53:52,78.861000000000004
-1,EURUSD,1.0,2011-07-13 23:43:09,1.42465,2011-07-14 05:58:14,1.41961
-1,EURUSD,1.0,2011-07-13 23:53:59,1.4272,2011-07-14 04:01:49,1.42134
-1,USDCHF,1.0,2011-07-14 03:23:07,0.81164999999999998,2011-07-19 06:28:06,0.82099999999999995
1,EURUSD,1.0,2011-07-14 06:06:40,1.41784,2011-07-14 07:03:06,1.4184699999999999
1,GBPUSD,1.0,2011-07-14 11:15:29,1.61148,2011-07-14 13:08:48,1.6131599999999999
-1,USDCHF,1.0,2011-07-14 13:20:11,0.81716999999999995,2011-07-14 16:29:37,0.81649000000000005
-1,USDCHF,1.0,2011-07-15 06:09:46,0.81569000000000003,2011-07-17 21:31:56,0.80998000000000003
-1,USDCHF,1.0,2011-07-15 07:47:11,0.81752000000000002,2011-07-17 21:14:25,0.80986000000000002
-1,GBPUSD,1.0,2011-07-15 12:52:10,1.60755,2011-07-15 13:01:27,1.60991
-1,USDCHF,1.0,2011-07-18 09:22:53,0.81630999999999998,2011-07-19 06:28:07,0.82099999999999995
1,EURUSD,1.0,2011-07-19 07:20:59,1.41482,2011-07-19 18:18:10,1.4119999999999999
1,EURUSD,1.0,2011-07-19 11:19:28,1.41682,2011-07-19 18:18:10,1.4119999999999999
-1,USDCHF,1.0,2011-07-19 19:16:07,0.82650000000000001,2011-07-20 07:12:21,0.82350000000000001
-1,USDJPY,1.0,2011-07-20 04:50:58,79.132000000000005,2011-07-21 03:52:15,78.689999999999998
1,EURUSD,1.0,2011-07-20 06:35:58,1.41849,2011-07-20 07:16:27,1.4164000000000001
-1,USDJPY,1.0,2011-07-20 08:40:30,78.784999999999997,2011-07-21 05:36:00,78.867999999999995
1,EURUSD,1.0,2011-07-21 09:06:48,1.4195,2011-07-21 11:35:33,1.41811
-1,EURUSD,1.0,2011-07-21 11:39:01,1.4176299999999999,2011-07-21 12:12:40,1.42214
1,EURUSD,1.0,2011-07-21 13:24:41,1.4331499999999999,2011-07-21 21:11:47,1.4430499999999999
1,EURUSD,1.0,2011-07-22 02:26:05,1.4388799999999999,2011-07-22 07:33:02,1.44238
1,USDCHF,1.0,2011-07-22 07:29:27,0.82281000000000004,2011-07-22 11:32:39,0.82016
1,EURUSD,1.0,2011-07-22 11:56:02,1.4383999999999999,2011-07-24 21:05:26,1.4387000000000001
1,EURUSD,1.0,2011-07-22 13:46:17,1.4339999999999999,2011-07-24 21:01:28,1.4386000000000001
1,EURUSD,1.0,2011-07-25 07:07:10,1.4350799999999999,2011-07-26 06:50:21,1.45126
-1,USDCHF,1.0,2011-07-25 08:07:52,0.80632000000000004,2011-07-26 03:34:33,0.80186000000000002
1,EURUSD,1.0,2011-07-26 09:07:28,1.4475100000000001,2011-07-26 12:08:02,1.4476500000000001
1,EURUSD,1.0,2011-07-26 12:07:54,1.44781,2011-07-26 12:08:46,1.4478800000000001
1,EURUSD,1.0,2011-07-26 12:09:21,1.4479,2011-07-26 12:09:49,1.4475899999999999
-1,EURUSD,1.0,2011-07-26 12:09:54,1.44753,2011-07-26 12:10:12,1.44773
1,EURUSD,1.0,2011-07-26 12:10:19,1.44774,2011-07-26 12:10:29,1.4477599999999999
1,EURUSD,1.0,2011-07-26 13:01:13,1.4468099999999999,2011-07-26 18:44:45,1.45133
1,EURUSD,1.0,2011-07-27 11:32:30,1.4460200000000001,2011-07-27 15:10:41,1.4359999999999999
1,EURUSD,1.0,2011-07-27 16:09:51,1.4339999999999999,2011-07-28 04:34:21,1.43607
1,GBPUSD,1.0,2011-07-28 02:55:58,1.63239,2011-07-28 04:35:19,1.63314
-1,EURUSD,1.0,2011-07-28 09:53:06,1.4323399999999999,2011-07-29 02:31:19,1.429
1,AUDUSD,1.0,2011-07-29 03:00:26,1.0975999999999999,2011-07-29 15:07:40,1.0996699999999999
-1,USDCAD,1.0,2011-07-29 06:21:28,0.95115000000000005,2011-07-29 12:31:42,0.95433000000000001
1,USDCAD,1.0,2011-07-29 12:39:29,0.95606000000000002,2011-07-29 14:57:37,0.95387
1,GBPUSD,1.0,2011-07-29 13:30:51,1.63988,2011-07-29 15:10:12,1.6451
-1,AUDUSD,1.0,2011-07-31 23:11:23,1.10127,2011-08-01 09:33:22,1.1039300000000001
-1,USDCHF,1.0,2011-08-01 00:57:02,0.79488999999999999,2011-08-01 04:19:10,0.79076000000000002
-1,EURUSD,1.0,2011-08-01 09:33:28,1.4430000000000001,2011-08-01 14:05:37,1.42876
-1,USDCHF,1.0,2011-08-01 20:04:41,0.78349999999999997,2011-08-02 04:56:52,0.78147
-1,EURUSD,1.0,2011-08-02 00:31:44,1.4268400000000001,2011-08-02 06:29:43,1.4241900000000001
-1,EURUSD,1.0,2011-08-02 09:26:21,1.41713,2011-08-02 12:32:15,1.4168799999999999
1,AUDUSD,1.0,2011-08-02 12:19:39,1.0834299999999999,2011-08-02 22:39:58,1.07596
1,AUDUSD,1.0,2011-08-02 21:37:28,1.0782400000000001,2011-08-02 22:39:54,1.0760099999999999
1,AUDUSD,1.0,2011-08-02 22:55:28,1.0739399999999999,2011-08-03 01:30:31,1.06897
1,AUDUSD,1.0,2011-08-03 00:19:04,1.07294,2011-08-03 01:30:28,1.0685100000000001
-1,GBPUSD,1.0,2011-08-03 07:53:45,1.63029,2011-08-03 08:28:48,1.63575
1,GBPUSD,1.0,2011-08-03 08:31:59,1.6365000000000001,2011-08-03 11:13:26,1.63873
-1,AUDUSD,1.0,2011-08-03 14:06:10,1.07283,2011-08-04 08:25:13,1.0633699999999999
1,GBPUSD,1.0,2011-08-03 14:59:45,1.6413,2011-08-03 16:20:14,1.6407099999999999
-1,USDCHF,1.0,2011-08-04 07:34:02,0.77822999999999998,2011-08-04 09:36:41,0.77758000000000005
-1,USDJPY,1.0,2011-08-04 10:30:14,80.028999999999996,2011-08-04 12:15:23,79.641999999999996
1,USDJPY,1.0,2011-08-04 13:46:20,79.147999999999996,2011-08-04 20:12:29,79.111000000000004
1,AUDUSD,1.0,2011-08-04 20:14:56,1.0464,2011-08-05 02:01:27,1.0488599999999999
1,EURUSD,1.0,2011-08-04 23:41:13,1.4073,2011-08-05 02:01:11,1.4105799999999999
-1,EURUSD,1.0,2011-08-05 07:27:46,1.4155,2011-08-05 07:41:04,1.41435
-1,USDCAD,1.0,2011-08-05 08:06:54,0.97968999999999995,2011-08-05 09:34:16,0.97943000000000002
-1,EURUSD,1.0,2011-08-05 09:20:21,1.4162300000000001,2011-08-05 10:03:22,1.4130100000000001
-1,EURUSD,1.0,2011-08-05 11:15:11,1.41649,2011-08-05 13:20:52,1.4199999999999999
1,GBPUSD,1.0,2011-08-05 13:31:47,1.6345799999999999,2011-08-05 13:47:00,1.63228
-1,AUDUSD,1.0,2011-08-05 13:55:40,1.0447599999999999,2011-08-05 15:01:44,1.0443100000000001
1,GBPUSD,1.0,2011-08-05 14:14:15,1.6363099999999999,2011-08-05 15:40:50,1.63673
-1,AUDUSD,1.0,2011-08-05 15:47:13,1.04,2011-08-05 16:10:55,1.04556
1,EURUSD,1.0,2011-08-05 16:39:23,1.42395,2011-08-07 21:16:44,1.4391099999999999
1,EURUSD,1.0,2011-08-07 22:58:42,1.4299999999999999,2011-08-08 01:12:04,1.4351
-1,USDCAD,1.0,2011-08-08 19:53:35,0.99017999999999995,2011-08-09 02:28:59,1.0
-1,USDCAD,1.0,2011-08-09 03:16:50,0.99883,2011-08-09 06:04:58,0.99468999999999996
-1,AUDUSD,1.0,2011-08-09 05:06:07,1.0130999999999999,2011-08-09 07:00:08,1.0230999999999999
-1,AUDUSD,1.0,2011-08-09 07:06:44,1.02241,2011-08-09 07:44:57,1.01488
1,USDJPY,1.0,2011-08-09 10:00:33,77.063999999999993,2011-08-09 13:37:18,77.221000000000004
-1,AUDUSD,1.0,2011-08-09 20:20:12,1.0352600000000001,2011-08-10 00:02:38,1.0341899999999999
1,EURUSD,1.0,2011-08-09 23:47:00,1.43699,2011-08-10 09:40:03,1.4383999999999999
-1,USDCHF,1.0,2011-08-10 05:34:29,0.72670000000000001,2011-08-10 06:40:05,0.72170000000000001
1,USDJPY,1.0,2011-08-10 08:09:40,76.670000000000002,2011-08-10 14:50:19,76.516000000000005
-1,EURUSD,1.0,2011-08-10 12:51:52,1.4302299999999999,2011-08-10 22:20:12,1.4146000000000001
-1,GBPUSD,1.0,2011-08-10 16:07:18,1.6181700000000001,2011-08-10 22:19:04,1.61267
-1,EURUSD,1.0,2011-08-11 01:48:26,1.421,2011-08-11 10:03:13,1.4171100000000001
1,USDCHF,1.0,2011-08-11 05:57:22,0.73175000000000001,2011-08-11 06:11:36,0.72875000000000001
-1,GBPUSD,1.0,2011-08-11 06:43:29,1.6196600000000001,2011-08-11 08:11:24,1.61825
-1,EURUSD,1.0,2011-08-11 11:42:13,1.41499,2011-08-11 13:00:36,1.4167099999999999
-1,USDCHF,1.0,2011-08-11 14:00:22,0.76761000000000001,2011-08-11 14:45:59,0.76083999999999996
-1,EURUSD,1.0,2011-08-12 07:11:56,1.4159600000000001,2011-08-12 07:32:55,1.4179200000000001
1,GBPUSD,1.0,2011-08-12 09:10:00,1.6289199999999999,2011-08-12 13:36:19,1.62906
1,USDCHF,1.0,2011-08-12 14:47:48,0.77358000000000005,2011-08-12 15:36:25,0.76800000000000002
-1,USDCHF,1.0,2011-08-15 00:18:17,0.78764999999999996,2011-08-15 13:18:19,0.78452
-1,USDCHF,1.0,2011-08-15 06:11:24,0.79818,2011-08-15 12:54:02,0.78769999999999996
1,EURUSD,1.0,2011-08-15 12:55:01,1.43703,2011-08-17 07:06:17,1.4350000000000001
-1,AUDUSD,1.0,2011-08-16 02:40:45,1.0496000000000001,2011-08-16 03:21:48,1.0485599999999999
1,EURUSD,1.0,2011-08-16 05:41:18,1.4416500000000001,2011-08-16 13:53:55,1.4389000000000001
-1,USDCHF,1.0,2011-08-17 07:01:47,0.79117999999999999,2011-08-17 07:05:17,0.78702000000000005
-1,EURUSD,1.0,2011-08-17 07:07:00,1.4336199999999999,2011-08-17 07:27:32,1.4379999999999999
1,EURUSD,1.0,2011-08-17 08:06:25,1.44041,2011-08-17 15:16:27,1.4432700000000001
-1,AUDUSD,1.0,2011-08-17 14:10:39,1.0585100000000001,2011-08-17 15:37:28,1.0565800000000001
1,EURUSD,1.0,2011-08-17 15:36:51,1.44309,2011-08-18 01:16:14,1.4399999999999999
1,EURUSD,1.0,2011-08-18 00:03:13,1.4414199999999999,2011-08-18 06:07:35,1.4390000000000001
1,GBPUSD,1.0,2011-08-18 10:40:40,1.6496599999999999,2011-08-18 13:13:21,1.6516900000000001
-1,GBPUSD,1.0,2011-08-18 13:44:47,1.64829,2011-08-18 14:30:10,1.64479
-1,USDCHF,1.0,2011-08-18 14:01:57,0.78768000000000005,2011-08-18 14:24:13,0.78912000000000004
-1,EURUSD,1.0,2011-08-18 14:50:48,1.43041,2011-08-19 00:14:43,1.43028
-1,EURUSD,1.0,2011-08-19 02:02:11,1.4314,2011-08-19 09:03:48,1.4332400000000001
-1,USDCHF,1.0,2011-08-19 06:56:28,0.79049000000000003,2011-08-19 07:50:35,0.78996
-1,EURUSD,1.0,2011-08-19 08:26:22,1.4290400000000001,2011-08-19 08:27:31,1.4289799999999999
-1,EURUSD,1.0,2011-08-19 11:08:12,1.43119,2011-08-19 11:50:54,1.4357200000000001
1,EURUSD,1.0,2011-08-19 12:07:17,1.4393499999999999,2011-08-19 13:52:08,1.44157
-1,AUDUSD,1.0,2011-08-19 12:13:24,1.04373,2011-08-19 17:41:47,1.0421400000000001
1,GBPUSD,1.0,2011-08-19 17:29:04,1.6519999999999999,2011-08-22 07:10:49,1.64975
1,EURUSD,1.0,2011-08-22 06:33:47,1.4355,2011-08-22 08:49:22,1.43987
1,GBPUSD,1.0,2011-08-23 07:21:59,1.6516599999999999,2011-08-23 07:46:33,1.6518900000000001
1,EURUSD,1.0,2011-08-23 07:30:05,1.44215,2011-08-23 13:44:04,1.4394
1,EURUSD,1.0,2011-08-23 09:02:16,1.44455,2011-08-23 13:44:04,1.4394
-1,AUDUSD,1.0,2011-08-23 21:39:05,1.05274,2011-08-23 23:50:04,1.0520099999999999
1,EURUSD,1.0,2011-08-24 08:28:39,1.44425,2011-08-24 10:06:57,1.4468099999999999
-1,GBPUSD,1.0,2011-08-24 11:35:47,1.6469800000000001,2011-08-24 11:50:01,1.6472
1,EURUSD,1.0,2011-08-24 12:33:06,1.4468399999999999,2011-08-24 14:45:45,1.44347
1,USDCHF,1.0,2011-08-24 14:39:01,0.79074999999999995,2011-08-24 23:14:26,0.79576999999999998
1,EURUSD,1.0,2011-08-25 07:08:39,1.4446000000000001,2011-08-25 09:05:01,1.44329
-1,USDJPY,1.0,2011-08-25 09:06:29,77.099000000000004,2011-08-25 17:47:11,77.590000000000003
-1,GBPUSD,1.0,2011-08-25 13:08:15,1.6331199999999999,2011-08-25 13:10:36,1.6355999999999999
1,EURUSD,1.0,2011-08-25 13:16:46,1.4458599999999999,2011-08-25 13:53:26,1.4418
-1,EURUSD,1.0,2011-08-25 22:49:05,1.4373,2011-08-26 00:44:27,1.4399999999999999
1,EURUSD,1.0,2011-08-26 00:58:01,1.44164,2011-08-26 03:35:22,1.44103
-1,EURUSD,1.0,2011-08-26 05:40:35,1.4426000000000001,2011-08-26 08:31:22,1.4446699999999999
-1,USDCHF,1.0,2011-08-26 07:02:31,0.78930999999999996,2011-08-26 09:38:24,0.79390000000000005
1,EURUSD,1.0,2011-08-26 13:49:23,1.44411,2011-08-26 14:02:34,1.4399599999999999
1,USDCHF,1.0,2011-08-26 14:25:22,0.79998999999999998,2011-08-26 15:37:06,0.80464999999999998
-1,EURUSD,1.0,2011-08-26 14:46:57,1.4353,2011-08-26 15:45:37,1.4459200000000001
1,EURUSD,1.0,2011-08-26 15:45:46,1.44709,2011-08-30 06:09:04,1.4514899999999999
-1,GBPUSD,1.0,2011-08-29 11:26:06,1.63974,2011-08-29 11:43:33,1.63951
-1,GBPUSD,1.0,2011-08-29 14:27:46,1.6438999999999999,2011-08-30 01:27:52,1.6408400000000001
1,EURUSD,1.0,2011-08-30 08:33:18,1.4440599999999999,2011-08-30 09:46:08,1.4410799999999999
-1,GBPUSD,1.0,2011-08-31 08:32:19,1.62669,2011-08-31 09:29:35,1.6289800000000001
-1,EURUSD,1.0,2011-08-31 15:47:35,1.44093,2011-08-31 19:03:53,1.43777
1,AUDUSD,1.0,2011-09-01 01:33:08,1.07131,2011-09-01 03:23:06,1.0696000000000001
1,USDCAD,1.0,2011-09-01 05:34:00,0.97758,2011-09-04 22:45:02,0.98670000000000002
-1,EURUSD,1.0,2011-09-01 07:16:58,1.4323600000000001,2011-09-01 22:39:28,1.4262300000000001
-1,GBPUSD,1.0,2011-09-02 12:23:42,1.6217699999999999,2011-09-02 13:23:22,1.6198699999999999
-1,USDCHF,1.0,2011-09-02 15:17:33,0.78500000000000003,2011-09-05 09:17:11,0.78776999999999997
1,AUDUSD,1.0,2011-09-05 01:28:26,1.05785,2011-09-06 08:02:40,1.0589999999999999
1,EURUSD,1.0,2011-09-06 04:59:11,1.40595,2011-09-06 08:02:11,1.413
1,USDCHF,1.0,2011-09-06 07:04:34,0.79254999999999998,2011-09-06 07:18:55,0.79301999999999995
-1,EURUSD,1.0,2011-09-06 08:02:27,1.4178999999999999,2011-09-06 08:02:46,1.4278999999999999
-1,USDCHF,1.0,2011-09-06 08:13:07,0.85063,2011-09-06 09:16:29,0.84509000000000001
-1,EURUSD,1.0,2011-09-06 09:32:54,1.4211,2011-09-06 10:12:05,1.4175
1,EURUSD,1.0,2011-09-06 11:49:25,1.4133100000000001,2011-09-06 22:27:34,1.40011
-1,USDCHF,1.0,2011-09-06 12:14:10,0.85341999999999996,2011-09-07 06:43:13,0.85643999999999998
-1,EURUSD,1.0,2011-09-07 06:04:52,1.40595,2011-09-07 08:49:21,1.4088799999999999
-1,EURUSD,1.0,2011-09-07 06:38:15,1.40716,2011-09-07 08:49:17,1.4088000000000001
-1,GBPUSD,1.0,2011-09-07 08:07:51,1.6014699999999999,2011-09-07 08:48:57,1.59955
-1,GBPUSD,1.0,2011-09-07 09:08:34,1.6009,2011-09-07 10:28:17,1.5974699999999999
-1,EURUSD,1.0,2011-09-07 09:08:53,1.41001,2011-09-07 10:43:01,1.4044399999999999
1,USDCAD,1.0,2011-09-07 11:50:38,0.98641999999999996,2011-09-07 15:58:48,0.98804000000000003
1,USDCAD,1.0,2011-09-08 08:19:53,0.98523000000000005,2011-09-08 14:15:00,0.98470000000000002
-1,USDCHF,1.0,2011-09-08 09:23:25,0.86253000000000002,2011-09-08 11:05:03,0.86412
-1,EURUSD,1.0,2011-09-08 12:35:08,1.40056,2011-09-08 13:20:02,1.3995599999999999
1,GBPUSD,1.0,2011-09-08 19:16:14,1.59538,2011-09-09 06:40:10,1.5957399999999999
-1,USDJPY,1.0,2011-09-09 05:31:37,77.465000000000003,2011-09-09 18:42:03,77.430999999999997
-1,USDCHF,1.0,2011-09-11 23:00:02,0.88673000000000002,2011-09-12 09:58:51,0.88419999999999999
1,EURUSD,1.0,2011-09-12 02:19:19,1.35867,2011-09-12 09:49:10,1.3640000000000001
1,USDCHF,1.0,2011-09-12 11:48:58,0.88253999999999999,2011-09-12 15:03:04,0.88458999999999999
-1,AUDUSD,1.0,2011-09-12 14:08:12,1.03776,2011-09-12 15:02:02,1.0330699999999999
1,USDCAD,1.0,2011-09-13 02:43:49,0.99185999999999996,2011-09-13 08:11:33,0.996
-1,GBPUSD,1.0,2011-09-14 11:16:36,1.5802400000000001,2011-09-14 14:11:28,1.5787199999999999
-1,EURUSD,1.0,2011-09-15 10:00:41,1.38097,2011-09-15 12:37:45,1.3796200000000001
1,USDCHF,1.0,2011-09-15 10:39:44,0.87294000000000005,2011-09-15 13:07:22,0.86936000000000002
1,EURUSD,1.0,2011-09-15 13:06:25,1.385,2011-09-15 13:10:42,1.38595
-1,USDCHF,1.0,2011-09-15 13:11:22,0.86978,2011-09-15 13:28:40,0.86863999999999997
-1,EURUSD,1.0,2011-09-15 13:30:17,1.38852,2011-09-15 21:57:16,1.3883799999999999
-1,USDJPY,1.0,2011-09-15 15:50:53,76.700999999999993,2011-09-16 14:36:15,76.963999999999999
-1,AUDUSD,1.0,2011-09-16 13:03:42,1.03494,2011-09-18 21:20:04,1.0299
-1,AUDUSD,1.0,2011-09-16 14:07:01,1.03746,2011-09-16 18:32:22,1.0365800000000001
1,GBPUSD,1.0,2011-09-20 09:54:51,1.5727899999999999,2011-09-20 11:25:45,1.5686599999999999
1,USDCHF,1.0,2011-09-20 13:01:50,0.88919000000000004,2011-09-20 15:58:01,0.88712000000000002
-1,GBPUSD,1.0,2011-09-21 01:29:22,1.5734699999999999,2011-09-21 04:48:19,1.5730999999999999
1,GBPUSD,1.0,2011-09-22 08:40:24,1.54505,2011-09-23 00:02:18,1.5396799999999999
-1,EURUSD,1.0,2011-09-22 17:34:59,1.3477600000000001,2011-09-22 19:25:21,1.3440099999999999
-1,AUDUSD,1.0,2011-09-22 23:50:11,0.98046,2011-09-23 01:55:39,0.97748000000000002
-1,GBPUSD,1.0,2011-09-23 00:15:08,1.5423,2011-09-23 05:48:56,1.53925
1,USDCAD,1.0,2011-09-23 00:21:37,1.02284,2011-09-23 02:10:50,1.0272300000000001
-1,GBPUSD,1.0,2011-09-23 07:05:37,1.5426800000000001,2011-09-23 12:12:00,1.5407
-1,EURUSD,1.0,2011-09-26 08:55:30,1.3456900000000001,2011-09-26 09:41:24,1.34551
-1,AUDUSD,1.0,2011-09-26 09:11:39,0.97592000000000001,2011-09-26 14:01:37,0.97230000000000005
-1,GBPUSD,1.0,2011-09-26 10:56:45,1.5519099999999999,2011-09-26 15:06:33,1.5569999999999999
-1,GBPUSD,1.0,2011-09-27 02:09:47,1.5572600000000001,2011-09-27 08:53:22,1.5541499999999999
-1,AUDUSD,1.0,2011-09-27 11:26:28,0.99077999999999999,2011-09-27 21:42:12,0.99139999999999995
1,GBPUSD,1.0,2011-09-27 11:41:14,1.56287,2011-09-27 13:00:36,1.56192
-1,AUDUSD,1.0,2011-09-29 07:20:10,0.98279000000000005,2011-09-29 11:42:02,0.98204000000000002
-1,EURUSD,1.0,2011-09-30 07:10:04,1.34938,2011-09-30 12:17:08,1.35036
-1,USDCAD,1.0,2011-09-30 13:01:12,1.0435700000000001,2011-09-30 14:24:44,1.0375000000000001
-1,GBPUSD,1.0,2011-09-30 13:37:07,1.5531699999999999,2011-09-30 14:05:36,1.5565500000000001
-1,EURUSD,1.0,2011-10-03 18:18:53,1.32382,2011-10-03 19:25:48,1.3207500000000001
1,AUDUSD,1.0,2011-10-04 14:15:07,0.94330000000000003,2011-10-04 16:01:26,0.94560999999999995
-1,USDCAD,1.0,2011-10-04 15:17:03,1.0598099999999999,2011-10-04 16:51:27,1.0601799999999999
-1,EURUSD,1.0,2011-10-04 16:09:28,1.3304499999999999,2011-10-04 16:42:19,1.32918
-1,USDCHF,1.0,2011-10-05 00:43:30,0.91996999999999995,2011-10-05 10:31:42,0.91834000000000005
1,USDCAD,1.0,2011-10-05 09:06:03,1.0531200000000001,2011-10-05 09:30:55,1.05403
-1,AUDUSD,1.0,2011-10-05 12:13:06,0.95801999999999998,2011-10-06 06:17:10,0.96799999999999997
1,USDCAD,1.0,2011-10-05 15:55:14,1.046,2011-10-06 08:15:27,1.0385500000000001
1,USDCAD,1.0,2011-10-06 07:01:38,1.0413300000000001,2011-10-06 08:14:57,1.0387500000000001
-1,USDCHF,1.0,2011-10-06 08:20:34,0.92418,2011-10-06 23:43:41,0.91968000000000005
-1,GBPUSD,1.0,2011-10-06 11:12:52,1.5281400000000001,2011-10-06 23:03:29,1.54328
-1,AUDUSD,1.0,2011-10-07 04:49:34,0.97826999999999997,2011-10-07 16:04:30,0.98302
1,EURUSD,1.0,2011-10-07 07:22:54,1.34636,2011-10-07 07:49:07,1.34405
1,USDCHF,1.0,2011-10-07 13:02:51,0.91964999999999997,2011-10-07 14:52:31,0.91549999999999998
-1,USDCHF,1.0,2011-10-07 14:52:48,0.91525999999999996,2011-10-07 16:04:08,0.91834000000000005
-1,USDCHF,1.0,2011-10-07 14:57:05,0.91522999999999999,2011-10-07 16:03:55,0.91827999999999999
-1,USDCHF,1.0,2011-10-07 14:58:04,0.91486999999999996,2011-10-07 16:03:52,0.91891
1,USDCHF,1.0,2011-10-07 16:04:44,0.91778000000000004,2011-10-07 19:15:39,0.92720999999999998
1,USDCHF,1.0,2011-10-07 16:05:16,0.91786000000000001,2011-10-07 19:59:29,0.92667999999999995
1,USDCHF,1.0,2011-10-07 16:05:56,0.91798000000000002,2011-10-07 18:56:07,0.92737000000000003
1,USDCHF,1.0,2011-10-07 16:06:46,0.91749999999999998,2011-10-07 18:45:49,0.92661000000000004
-1,AUDUSD,1.0,2011-10-10 01:08:54,0.98373999999999995,2011-10-11 08:26:29,0.99345000000000006
-1,EURUSD,1.0,2011-10-10 01:37:33,1.3459000000000001,2011-10-11 01:02:18,1.36277
-1,EURUSD,1.0,2011-10-10 14:08:04,1.3655299999999999,2011-10-10 22:42:15,1.3632899999999999
1,EURUSD,1.0,2011-10-11 08:56:08,1.35995,2011-10-11 09:17:24,1.3599000000000001
1,EURUSD,1.0,2011-10-11 10:28:46,1.35975,2011-10-11 15:58:40,1.36585
-1,USDCHF,1.0,2011-10-11 10:31:22,0.91091,2011-10-12 08:43:44,0.90124000000000004
1,EURUSD,1.0,2011-10-12 08:15:59,1.3728199999999999,2011-10-12 08:21:18,1.3737999999999999
-1,AUDUSD,1.0,2011-10-12 13:01:24,1.0133399999999999,2011-10-13 06:00:14,1.0187999999999999
1,USDJPY,1.0,2011-10-12 13:09:58,77.313999999999993,2011-10-12 18:45:35,77.334999999999994
-1,AUDUSD,1.0,2011-10-12 14:28:14,1.01651,2011-10-12 21:47:11,1.0133000000000001
-1,AUDUSD,1.0,2011-10-12 17:06:21,1.01963,2011-10-12 22:07:57,1.01458
-1,AUDUSD,1.0,2011-10-12 18:45:43,1.0194700000000001,2011-10-12 21:48:59,1.0129999999999999
-1,AUDUSD,1.0,2011-10-13 00:31:20,1.02241,2011-10-13 01:10:46,1.0193300000000001
1,EURUSD,1.0,2011-10-13 07:27:46,1.3819300000000001,2011-10-13 08:05:47,1.37923
-1,AUDUSD,1.0,2011-10-13 08:29:46,1.01674,2011-10-13 10:22:56,1.01468
-1,AUDUSD,1.0,2011-10-13 08:31:11,1.0173700000000001,2011-10-13 09:04:18,1.01671
-1,AUDUSD,1.0,2011-10-13 08:32:08,1.01736,2011-10-13 08:40:24,1.01433
-1,USDJPY,1.0,2011-10-13 08:57:15,76.799000000000007,2011-10-14 00:43:53,76.962999999999994
-1,USDJPY,1.0,2011-10-13 09:00:38,76.823999999999998,2011-10-13 15:59:16,76.890000000000001
-1,EURUSD,1.0,2011-10-13 09:34:00,1.3734500000000001,2011-10-13 10:06:28,1.3721099999999999
-1,USDCHF,1.0,2011-10-13 13:28:57,0.90022999999999997,2011-10-13 15:40:38,0.90049999999999997
-1,USDCHF,1.0,2011-10-13 13:35:31,0.90100000000000002,2011-10-13 15:25:18,0.90014000000000005
1,USDCAD,1.0,2011-10-14 04:27:28,1.02152,2011-10-14 08:33:11,1.01732
-1,EURUSD,1.0,2011-10-14 05:57:31,1.3785000000000001,2011-10-14 08:32:56,1.3808199999999999
1,USDCAD,1.0,2011-10-14 08:53:53,1.01779,2011-10-14 12:37:58,1.01159
1,USDCAD,1.0,2011-10-14 09:01:15,1.01824,2011-10-14 12:30:00,1.0129999999999999
1,USDCAD,1.0,2011-10-14 09:37:04,1.0168600000000001,2011-10-14 12:30:00,1.0129999999999999
1,USDCAD,1.0,2011-10-14 09:48:30,1.0166299999999999,2011-10-14 12:30:00,1.0129999999999999
1,EURUSD,1.0,2011-10-14 13:15:06,1.38507,2011-10-14 14:31:03,1.38727
1,USDCAD,1.0,2011-10-17 05:55:11,1.0085599999999999,2011-10-17 11:19:34,1.0126900000000001
1,USDCAD,1.0,2011-10-18 21:05:51,1.01475,2011-10-20 01:39:19,1.0204200000000001
1,USDCAD,1.0,2011-10-19 01:55:57,1.0142599999999999,2011-10-19 18:34:04,1.0184200000000001
1,USDCAD,1.0,2011-10-19 02:43:07,1.01328,2011-10-20 01:38:55,1.0204800000000001
1,USDCAD,1.0,2011-10-19 03:15:44,1.0124,2011-10-20 01:12:03,1.0202500000000001
-1,USDCHF,1.0,2011-10-20 06:12:31,0.90776999999999997,2011-10-20 07:15:37,0.90552999999999995
1,USDCHF,1.0,2011-10-20 10:28:48,0.89434000000000002,2011-10-20 10:36:08,0.89500000000000002
-1,USDCHF,1.0,2011-10-21 04:00:11,0.88912000000000002,2011-10-21 05:38:50,0.88895999999999997
-1,USDJPY,1.0,2011-10-21 12:55:08,76.436999999999998,2011-10-24 20:51:59,76.099000000000004
-1,USDJPY,1.0,2011-10-21 13:25:38,76.099000000000004,2011-10-25 19:47:49,75.966999999999999
1,GBPUSD,1.0,2011-10-24 10:39:24,1.59253,2011-10-24 10:54:56,1.59243
1,GBPUSD,1.0,2011-10-24 13:21:40,1.5905,2011-10-24 15:44:05,1.599
-1,EURUSD,1.0,2011-10-25 12:03:39,1.3913,2011-10-25 12:26:54,1.3915900000000001
1,USDCHF,1.0,2011-10-25 19:51:35,0.87907999999999997,2011-10-25 23:50:04,0.87873000000000001
1,AUDUSD,1.0,2011-10-26 00:37:07,1.0383100000000001,2011-10-26 01:12:55,1.03752
1,AUDUSD,1.0,2011-10-26 03:21:04,1.0370999999999999,2011-10-26 11:35:24,1.0377400000000001
1,AUDUSD,1.0,2011-10-26 08:33:44,1.0356300000000001,2011-10-26 11:35:19,1.03776
1,USDCAD,1.0,2011-10-26 20:52:40,1.0040800000000001,2011-10-27 08:05:19,0.996
1,USDCAD,1.0,2011-10-27 00:09:20,1.002,2011-10-27 08:05:19,0.996
1,USDCAD,1.0,2011-10-27 01:43:19,1.00095,2011-10-27 08:05:19,0.996
1,EURUSD,1.0,2011-10-27 03:00:14,1.39581,2011-10-27 04:30:33,1.3968100000000001
1,USDCAD,1.0,2011-10-27 05:14:27,0.99917999999999996,2011-10-27 08:05:19,0.996
-1,AUDUSD,1.0,2011-10-27 10:40:50,1.06189,2011-10-28 03:19:54,1.0660000000000001
-1,AUDUSD,1.0,2011-10-27 13:19:15,1.0684100000000001,2011-10-28 03:19:54,1.0660000000000001
-1,AUDUSD,1.0,2011-10-27 13:57:26,1.0687,2011-10-28 02:51:19,1.0669999999999999
-1,AUDUSD,1.0,2011-10-27 14:44:34,1.0663400000000001,2011-10-28 02:51:19,1.0669999999999999
1,EURUSD,1.0,2011-10-28 07:42:16,1.4167400000000001,2011-10-28 08:41:04,1.41822
1,EURUSD,1.0,2011-10-28 10:26:26,1.4150499999999999,2011-10-28 12:32:40,1.41679
1,EURUSD,1.0,2011-10-30 23:43:13,1.4146399999999999,2011-10-31 02:19:00,1.4079200000000001
1,USDJPY,1.0,2011-10-31 01:34:15,78.165000000000006,2011-10-31 04:26:31,79.186999999999998
1,USDJPY,1.0,2011-10-31 02:01:34,78.212999999999994,2011-10-31 05:58:48,79.323999999999998
1,USDJPY,1.0,2011-10-31 02:05:07,77.936000000000007,2011-10-31 04:15:34,79.188999999999993
1,USDJPY,1.0,2011-10-31 08:53:54,78.019999999999996,2011-10-31 15:19:44,77.966999999999999
-1,GBPUSD,1.0,2011-10-31 13:40:58,1.60406,2011-10-31 19:20:03,1.6100000000000001
-1,AUDUSD,1.0,2011-10-31 14:41:25,1.0604899999999999,2011-10-31 21:40:05,1.0538099999999999
-1,USDCHF,1.0,2011-11-01 02:31:15,0.87719000000000003,2011-11-01 05:15:55,0.88053999999999999
-1,USDCHF,1.0,2011-11-01 03:52:16,0.87848000000000004,2011-11-01 05:15:50,0.88055000000000005
-1,GBPUSD,1.0,2011-11-01 05:23:17,1.6028500000000001,2011-11-01 06:06:11,1.6053500000000001
1,AUDUSD,1.0,2011-11-01 11:58:19,1.0299400000000001,2011-11-01 14:15:46,1.03267
1,EURUSD,1.0,2011-11-01 12:40:36,1.3656900000000001,2011-11-01 14:28:52,1.3681000000000001
1,EURUSD,1.0,2011-11-01 12:42:23,1.3649100000000001,2011-11-01 14:28:52,1.3681000000000001
1,EURUSD,1.0,2011-11-01 13:14:55,1.36277,2011-11-01 14:27:11,1.3674900000000001
-1,USDCAD,1.0,2011-11-01 23:21:16,1.0214700000000001,2011-11-02 03:41:26,1.01875
-1,USDCAD,1.0,2011-11-01 23:22:04,1.02162,2011-11-02 03:24:36,1.01885
-1,AUDUSD,1.0,2011-11-02 04:54:49,1.0359400000000001,2011-11-02 11:07:29,1.03501
-1,AUDUSD,1.0,2011-11-02 06:11:39,1.038,2011-11-02 08:08:55,1.0417000000000001
-1,GBPUSD,1.0,2011-11-02 07:53:01,1.5984,2011-11-03 07:31:55,1.5887100000000001
1,EURUSD,1.0,2011-11-02 13:35:53,1.3827700000000001,2011-11-02 16:16:24,1.377
1,USDCHF,1.0,2011-11-04 08:25:16,0.88451999999999997,2011-11-04 09:16:28,0.88512000000000002
1,USDJPY,1.0,2011-11-04 12:32:24,78.114999999999995,2011-11-04 13:18:26,78.078999999999994
1,USDJPY,1.0,2011-11-04 12:34:16,78.075999999999993,2011-11-04 13:05:27,78.040000000000006
1,GBPUSD,1.0,2011-11-04 12:36:08,1.6041300000000001,2011-11-04 12:46:14,1.60165
-1,EURUSD,1.0,2011-11-04 12:46:23,1.38212,2011-11-04 15:28:01,1.3740399999999999
-1,EURUSD,1.0,2011-11-04 14:10:35,1.37354,2011-11-04 15:46:51,1.3761699999999999
1,GBPUSD,1.0,2011-11-04 15:48:04,1.6032200000000001,2011-11-04 18:53:46,1.6034999999999999
-1,GBPUSD,1.0,2011-11-06 22:08:20,1.6053999999999999,2011-11-07 02:08:22,1.6009800000000001
-1,GBPUSD,1.0,2011-11-07 05:04:16,1.60232,2011-11-07 10:27:06,1.59941
-1,GBPUSD,1.0,2011-11-07 22:11:44,1.6054600000000001,2011-11-08 04:57:00,1.6043099999999999
-1,EURUSD,1.0,2011-11-08 08:00:55,1.37262,2011-11-08 08:09:08,1.37469
-1,USDCHF,1.0,2011-11-08 08:15:10,0.90354999999999996,2011-11-08 08:21:29,0.90339000000000003
-1,GBPUSD,1.0,2011-11-08 08:38:42,1.60616,2011-11-09 05:22:09,1.6087199999999999
-1,GBPUSD,1.0,2011-11-08 10:25:15,1.6086800000000001,2011-11-09 05:07:12,1.60873
-1,EURUSD,1.0,2011-11-09 09:06:59,1.37676,2011-11-09 09:45:18,1.3720399999999999
-1,EURUSD,1.0,2011-11-09 09:10:56,1.3759600000000001,2011-11-09 10:40:19,1.3667
-1,EURUSD,1.0,2011-11-09 09:12:50,1.37571,2011-11-09 12:02:00,1.3626100000000001
-1,GBPUSD,1.0,2011-11-09 09:16:37,1.6055699999999999,2011-11-09 09:30:09,1.6028
1,EURUSD,1.0,2011-11-09 14:46:44,1.3560000000000001,2011-11-09 15:52:31,1.3593
1,EURUSD,1.0,2011-11-09 22:03:43,1.35422,2011-11-10 01:51:04,1.3543400000000001
1,AUDUSD,1.0,2011-11-09 22:39:48,1.01329,2011-11-10 00:03:56,1.0139100000000001
-1,USDCHF,1.0,2011-11-10 00:02:38,0.91059999999999997,2011-11-10 01:02:40,0.91069999999999995
1,EURUSD,1.0,2011-11-10 00:29:30,1.3520799999999999,2011-11-10 01:48:48,1.35395
-1,EURUSD,1.0,2011-11-10 09:49:43,1.361,2011-11-10 10:41:24,1.357
1,USDCHF,1.0,2011-11-10 10:02:33,0.90529999999999999,2011-11-10 10:40:46,0.90651000000000004
1,USDCHF,1.0,2011-11-10 10:03:23,0.90524000000000004,2011-11-10 10:21:30,0.90646000000000004
1,AUDUSD,1.0,2011-11-10 16:13:32,1.01067,2011-11-10 16:42:53,1.0129300000000001
1,USDCAD,1.0,2011-11-10 23:41:59,1.01678,2011-11-11 02:08:31,1.01929
1,USDCHF,1.0,2011-11-11 07:17:19,0.90537000000000001,2011-11-11 08:23:35,0.90625999999999995
-1,GBPUSD,1.0,2011-11-11 09:08:03,1.5903799999999999,2011-11-11 09:40:42,1.591
-1,EURUSD,1.0,2011-11-11 11:38:12,1.3642099999999999,2011-11-11 15:35:41,1.3717299999999999
-1,EURUSD,1.0,2011-11-11 14:12:13,1.3678399999999999,2011-11-11 15:35:37,1.37195
1,GBPUSD,1.0,2011-11-14 02:08:55,1.6063099999999999,2011-11-14 08:26:32,1.6010200000000001
1,USDCHF,1.0,2011-11-14 07:57:02,0.90078999999999998,2011-11-14 08:34:36,0.90207000000000004
-1,GBPUSD,1.0,2011-11-14 08:48:38,1.5999300000000001,2011-11-14 09:03:09,1.5989100000000001
-1,EURUSD,1.0,2011-11-14 09:23:58,1.3690800000000001,2011-11-14 09:55:59,1.3696200000000001
1,AUDUSD,1.0,2011-11-14 09:32:03,1.0251399999999999,2011-11-14 11:00:00,1.0259100000000001
1,EURUSD,1.0,2011-11-14 10:06:42,1.3684700000000001,2011-11-14 10:59:52,1.3696699999999999
-1,USDCAD,1.0,2011-11-14 11:06:45,1.0180499999999999,2011-11-14 11:24:15,1.0187299999999999
1,EURUSD,1.0,2011-11-14 14:17:03,1.36374,2011-11-14 16:09:51,1.36408
1,EURUSD,1.0,2011-11-14 15:25:38,1.3623000000000001,2011-11-14 15:51:51,1.3634500000000001
-1,EURUSD,1.0,2011-11-15 08:49:03,1.3570899999999999,2011-11-15 08:52:40,1.35877
-1,USDCHF,1.0,2011-11-15 08:57:29,0.91361000000000003,2011-11-15 09:07:58,0.91654000000000002
-1,GBPUSD,1.0,2011-11-15 09:25:11,1.58517,2011-11-16 02:45:10,1.5767100000000001
-1,GBPUSD,1.0,2011-11-15 09:25:31,1.5849800000000001,2011-11-16 06:04:40,1.5761799999999999
-1,GBPUSD,1.0,2011-11-15 09:26:00,1.5851900000000001,2011-11-15 16:40:48,1.58114
-1,GBPUSD,1.0,2011-11-15 09:26:18,1.58514,2011-11-15 23:01:58,1.5819700000000001
1,EURUSD,1.0,2011-11-16 02:04:30,1.3474999999999999,2011-11-16 08:21:45,1.349
-1,EURUSD,1.0,2011-11-16 08:46:10,1.35318,2011-11-16 08:51:01,1.35303
-1,EURUSD,1.0,2011-11-16 09:12:18,1.3541000000000001,2011-11-16 09:14:03,1.35364
-1,AUDUSD,1.0,2011-11-16 10:05:57,1.01796,2011-11-16 10:16:23,1.01678
-1,USDCHF,1.0,2011-11-16 11:27:39,0.91798000000000002,2011-11-16 12:14:46,0.91786000000000001
-1,GBPUSD,1.0,2011-11-16 13:36:06,1.5769599999999999,2011-11-16 13:49:02,1.5768200000000001
-1,USDCAD,1.0,2011-11-17 01:16:00,1.0260199999999999,2011-11-17 01:35:12,1.0255300000000001
-1,GBPUSD,1.0,2011-11-17 09:30:50,1.57812,2011-11-17 09:46:24,1.5750299999999999
-1,GBPUSD,1.0,2011-11-17 16:46:00,1.58002,2011-11-17 17:36:15,1.5767800000000001
-1,GBPUSD,1.0,2011-11-17 16:54:57,1.5793699999999999,2011-11-17 17:36:06,1.5767800000000001
1,EURUSD,1.0,2011-11-18 02:23:13,1.3482799999999999,2011-11-18 02:27:41,1.3482700000000001
-1,EURUSD,1.0,2011-11-18 05:16:35,1.3469500000000001,2011-11-18 07:27:18,1.3514299999999999
-1,GBPUSD,1.0,2011-11-18 08:46:55,1.57741,2011-11-18 09:25:44,1.5824
-1,GBPUSD,1.0,2011-11-18 08:58:43,1.57901,2011-11-18 09:25:23,1.58209
-1,EURUSD,1.0,2011-11-21 07:50:04,1.34893,2011-11-21 08:02:18,1.3477399999999999
-1,EURUSD,1.0,2011-11-21 07:51:27,1.3492500000000001,2011-11-21 08:02:14,1.3476900000000001
1,AUDUSD,1.0,2011-11-21 16:11:39,0.98250000000000004,2011-11-21 17:24:58,0.98453999999999997
-1,EURUSD,1.0,2011-11-22 10:39:01,1.35382,2011-11-22 10:55:57,1.3535900000000001
-1,EURUSD,1.0,2011-11-22 11:02:19,1.35398,2011-11-22 13:28:30,1.3532500000000001
-1,GBPUSD,1.0,2011-11-23 01:14:56,1.56311,2011-11-23 01:29:39,1.56277
-1,AUDUSD,1.0,2011-11-23 01:58:25,0.97877000000000003,2011-11-23 04:26:43,0.97738999999999998
-1,AUDUSD,1.0,2011-11-23 01:59:27,0.97924999999999995,2011-11-23 05:39:45,0.97648000000000001
-1,GBPUSD,1.0,2011-11-23 08:09:44,1.5589200000000001,2011-11-23 08:21:11,1.5585800000000001
-1,GBPUSD,1.0,2011-11-23 08:33:18,1.5571200000000001,2011-11-23 08:58:07,1.5568
-1,EURUSD,1.0,2011-11-23 10:12:15,1.3421000000000001,2011-11-23 10:16:04,1.33978
-1,EURUSD,1.0,2011-11-23 10:19:28,1.33951,2011-11-23 15:45:17,1.33589
-1,EURUSD,1.0,2011-11-23 10:20:55,1.33982,2011-11-23 15:03:35,1.3366400000000001
-1,EURUSD,1.0,2011-11-23 12:16:42,1.3394200000000001,2011-11-23 15:02:43,1.3368899999999999
1,EURUSD,1.0,2011-11-24 11:39:03,1.3382400000000001,2011-11-24 11:47:31,1.3384199999999999
-1,AUDUSD,1.0,2011-11-24 13:36:56,0.97545000000000004,2011-11-24 14:44:37,0.97150000000000003
-1,AUDUSD,1.0,2011-11-24 13:40:28,0.97509999999999997,2011-11-24 14:58:06,0.97191000000000005
1,GBPUSD,1.0,2011-11-25 00:07:17,1.5471299999999999,2011-11-25 01:10:05,1.5466599999999999
1,GBPUSD,1.0,2011-11-25 05:39:36,1.5457099999999999,2011-11-25 06:36:55,1.5459799999999999
1,GBPUSD,1.0,2011-11-25 05:42:03,1.54573,2011-11-25 06:40:39,1.54606
-1,EURUSD,1.0,2011-11-25 09:04:41,1.3268800000000001,2011-11-25 09:10:17,1.3261099999999999
1,GBPUSD,1.0,2011-11-25 12:16:23,1.5495300000000001,2011-11-25 13:35:13,1.5450900000000001
1,GBPUSD,1.0,2011-11-25 13:00:38,1.5461800000000001,2011-11-25 13:34:55,1.54522
-1,EURUSD,1.0,2011-11-27 23:28:55,1.3317600000000001,2011-11-28 01:20:07,1.33168
-1,EURUSD,1.0,2011-11-27 23:32:53,1.33222,2011-11-28 01:06:55,1.3309599999999999
-1,EURUSD,1.0,2011-11-28 02:01:19,1.3315900000000001,2011-11-28 03:20:34,1.33097
-1,AUDUSD,1.0,2011-11-28 03:09:56,0.98787000000000003,2011-11-28 03:21:38,0.98407
-1,EURUSD,1.0,2011-11-28 04:15:44,1.3278000000000001,2011-11-28 05:53:47,1.3302799999999999
1,USDCAD,1.0,2011-11-28 09:54:56,1.0349999999999999,2011-11-28 16:40:12,1.03308
1,USDCAD,1.0,2011-11-28 10:20:17,1.0329999999999999,2011-11-28 12:30:17,1.03403
1,USDCAD,1.0,2011-11-28 11:04:56,1.0326500000000001,2011-11-28 11:50:50,1.03305
-1,AUDUSD,1.0,2011-11-28 13:33:45,0.99668000000000001,2011-11-28 15:41:25,0.99519999999999997
-1,AUDUSD,1.0,2011-11-28 13:43:24,0.99624999999999997,2011-11-28 16:08:05,0.99226000000000003
-1,AUDUSD,1.0,2011-11-28 13:44:31,0.99629999999999996,2011-11-28 16:16:05,0.99129999999999996
-1,AUDUSD,1.0,2011-11-28 16:30:47,0.99219000000000002,2011-11-28 16:39:10,0.99155000000000004
1,USDCAD,1.0,2011-11-28 16:45:31,1.03288,2011-11-28 16:51:43,1.0329999999999999
-1,AUDUSD,1.0,2011-11-28 16:49:47,0.99199000000000004,2011-11-28 17:30:22,0.99112999999999996
1,GBPUSD,1.0,2011-11-29 00:12:35,1.5484599999999999,2011-11-29 00:45:53,1.5488299999999999
1,GBPUSD,1.0,2011-11-29 00:32:35,1.5471600000000001,2011-11-29 01:20:56,1.5487299999999999
-1,EURUSD,1.0,2011-11-29 08:02:11,1.33325,2011-11-29 08:17:05,1.3330299999999999
-1,EURUSD,1.0,2011-11-29 08:40:51,1.33246,2011-11-29 08:51:19,1.3322700000000001
1,EURUSD,1.0,2011-11-29 10:14:21,1.33866,2011-11-29 10:15:43,1.3397600000000001
1,EURUSD,1.0,2011-11-29 11:23:59,1.3401700000000001,2011-11-29 11:43:32,1.3388199999999999
-1,EURUSD,1.0,2011-11-30 06:57:02,1.3301499999999999,2011-11-30 07:04:56,1.32952
-1,EURUSD,1.0,2011-11-30 07:16:09,1.3266199999999999,2011-11-30 09:08:19,1.3290599999999999
-1,EURUSD,1.0,2011-11-30 07:17:31,1.3266899999999999,2011-11-30 09:08:23,1.32908
-1,EURUSD,1.0,2011-11-30 07:18:22,1.3263199999999999,2011-11-30 09:08:27,1.3290599999999999
-1,EURUSD,1.0,2011-11-30 07:20:09,1.32623,2011-11-30 09:08:30,1.3291500000000001
1,EURUSD,1.0,2011-11-30 13:12:16,1.34301,2011-12-01 02:39:25,1.3435699999999999
1,EURUSD,1.0,2011-11-30 13:23:20,1.3426100000000001,2011-12-01 02:39:33,1.34365
1,EURUSD,1.0,2011-11-30 14:03:12,1.35103,2011-11-30 14:06:48,1.35127
1,EURUSD,1.0,2011-11-30 14:10:09,1.3498699999999999,2011-11-30 14:16:43,1.3506199999999999
1,EURUSD,1.0,2011-11-30 14:23:38,1.34938,2011-12-01 09:49:46,1.3485499999999999
1,EURUSD,1.0,2011-11-30 14:32:49,1.3481000000000001,2011-12-01 09:41:38,1.3470500000000001
1,AUDUSD,1.0,2011-12-01 02:43:13,1.0191300000000001,2011-12-01 04:36:38,1.0241
1,AUDUSD,1.0,2011-12-01 02:44:03,1.0192699999999999,2011-12-01 04:52:42,1.0256000000000001
1,EURUSD,1.0,2011-12-01 09:31:02,1.3471,2011-12-01 09:38:17,1.3471
1,EURUSD,1.0,2011-12-01 13:18:40,1.35094,2011-12-01 13:22:30,1.3514600000000001
-1,EURUSD,1.0,2011-12-01 15:33:46,1.3485100000000001,2011-12-01 15:35:56,1.34745
-1,EURUSD,1.0,2011-12-01 16:08:07,1.3475299999999999,2011-12-01 16:18:11,1.3467199999999999
1,EURUSD,1.0,2011-12-02 08:00:36,1.34842,2011-12-02 08:06:07,1.34857
1,GBPUSD,1.0,2011-12-02 08:34:31,1.5704199999999999,2011-12-02 08:46:34,1.5702400000000001
-1,GBPUSD,1.0,2011-12-02 08:54:12,1.56887,2011-12-02 09:14:19,1.56951
1,EURUSD,1.0,2011-12-02 09:18:30,1.34918,2011-12-02 09:35:11,1.3479300000000001
1,GBPUSD,1.0,2011-12-02 10:09:30,1.5704199999999999,2011-12-02 13:05:18,1.57104
1,GBPUSD,1.0,2011-12-02 10:10:13,1.57037,2011-12-02 13:05:11,1.57077
1,GBPUSD,1.0,2011-12-02 10:11:31,1.5702100000000001,2011-12-02 12:04:15,1.5686899999999999
1,GBPUSD,1.0,2011-12-02 10:13:50,1.56999,2011-12-02 12:04:10,1.56863
1,EURUSD,1.0,2011-12-02 12:38:55,1.35351,2011-12-02 13:36:47,1.3499699999999999
1,EURUSD,1.0,2011-12-02 12:39:37,1.35317,2011-12-02 13:36:43,1.34998
1,EURUSD,1.0,2011-12-02 13:19:59,1.35219,2011-12-02 13:36:31,1.3499099999999999
1,EURUSD,1.0,2011-12-02 13:20:23,1.35242,2011-12-02 13:36:26,1.3499399999999999
-1,USDCAD,1.0,2011-12-04 22:10:00,1.0172300000000001,2011-12-05 00:32:04,1.0162
-1,USDCAD,1.0,2011-12-04 22:56:36,1.0182,2011-12-05 07:51:44,1.0165
-1,USDCAD,1.0,2011-12-05 06:02:33,1.0181899999999999,2011-12-05 07:10:20,1.01715
-1,USDCHF,1.0,2011-12-05 07:40:57,0.92030999999999996,2011-12-06 14:04:31,0.92820000000000003
-1,USDCHF,1.0,2011-12-05 07:41:35,0.92039000000000004,2011-12-06 14:04:35,0.92820999999999998
-1,USDCHF,1.0,2011-12-06 06:34:12,0.92249999999999999,2011-12-06 07:00:46,0.92335999999999996
-1,EURUSD,1.0,2011-12-06 07:14:26,1.3353999999999999,2011-12-06 07:24:34,1.33527
-1,EURUSD,1.0,2011-12-06 07:15:03,1.3358099999999999,2011-12-06 07:24:29,1.33534
-1,EURUSD,1.0,2011-12-06 07:34:11,1.3342000000000001,2011-12-06 08:19:40,1.3354900000000001
-1,EURUSD,1.0,2011-12-06 07:40:41,1.3347100000000001,2011-12-06 08:09:53,1.33426
-1,USDCHF,1.0,2011-12-06 08:17:12,0.92878000000000005,2011-12-06 13:54:48,0.92686000000000002
-1,USDCHF,1.0,2011-12-06 09:19:24,0.92695000000000005,2011-12-06 14:04:27,0.92810000000000004
-1,USDCAD,1.0,2011-12-06 14:33:43,1.0126599999999999,2011-12-06 16:15:20,1.01241
1,GBPUSD,1.0,2011-12-08 09:48:27,1.57386,2011-12-08 10:19:41,1.57182
1,EURUSD,1.0,2011-12-08 12:59:21,1.34195,2011-12-08 13:58:08,1.3380000000000001
-1,USDCHF,1.0,2011-12-08 13:36:45,0.91774999999999995,2011-12-08 13:58:00,0.92200000000000004
-1,USDCHF,1.0,2011-12-08 13:38:42,0.91839999999999999,2011-12-08 13:58:00,0.92200000000000004
-1,USDCHF,1.0,2011-12-08 13:43:02,0.91900000000000004,2011-12-08 13:58:00,0.92200000000000004
-1,AUDUSD,1.0,2011-12-09 11:01:37,1.01416,2011-12-09 13:50:14,1.01393
-1,AUDUSD,1.0,2011-12-09 11:02:27,1.0145,2011-12-09 13:46:46,1.014
-1,AUDUSD,1.0,2011-12-09 11:04:41,1.0148299999999999,2011-12-09 13:50:21,1.0137
-1,AUDUSD,1.0,2011-12-09 11:05:08,1.01492,2011-12-09 13:46:41,1.0139800000000001
-1,AUDUSD,1.0,2011-12-09 17:22:07,1.0192099999999999,2011-12-12 03:34:24,1.01705
-1,AUDUSD,1.0,2011-12-09 17:23:55,1.01928,2011-12-12 05:09:48,1.0171699999999999
-1,AUDUSD,1.0,2011-12-09 17:25:24,1.0191399999999999,2011-12-12 05:09:56,1.01709
-1,AUDUSD,1.0,2011-12-09 17:45:23,1.0197400000000001,2011-12-12 05:10:14,1.01708
-1,AUDUSD,1.0,2011-12-13 08:53:42,1.0090699999999999,2011-12-13 09:51:28,1.0112000000000001
-1,AUDUSD,1.0,2011-12-13 08:56:23,1.0083,2011-12-13 14:45:41,1.0151300000000001
-1,AUDUSD,1.0,2011-12-13 09:00:17,1.0091000000000001,2011-12-13 09:51:24,1.0112000000000001
-1,AUDUSD,1.0,2011-12-13 11:09:57,1.0127600000000001,2011-12-13 14:34:48,1.01254
-1,AUDUSD,1.0,2011-12-13 11:17:28,1.01305,2011-12-13 14:06:31,1.0124899999999999
1,EURUSD,1.0,2011-12-14 12:15:11,1.3004199999999999,2011-12-15 06:48:12,1.2988500000000001
-1,USDCHF,1.0,2011-12-14 12:52:18,0.94854000000000005,2011-12-15 07:49:51,0.94799999999999995
-1,USDCHF,1.0,2011-12-14 14:01:10,0.94796999999999998,2011-12-15 07:49:51,0.94799999999999995
1,USDCHF,1.0,2011-12-15 08:30:22,0.94198999999999999,2011-12-20 09:52:51,0.93218000000000001
1,USDCHF,1.0,2011-12-15 08:41:07,0.94172999999999996,2011-12-20 09:52:48,0.93223
1,USDCHF,1.0,2011-12-15 08:42:16,0.94210000000000005,2011-12-20 09:52:44,0.93218000000000001
-1,GBPUSD,1.0,2011-12-15 12:03:57,1.55098,2011-12-15 16:01:37,1.5487899999999999
1,USDCHF,1.0,2011-12-16 13:26:41,0.93622000000000005,2011-12-20 09:52:39,0.93257999999999996
-1,AUDUSD,1.0,2011-12-21 07:12:50,1.0176000000000001,2011-12-21 11:39:18,1.0135000000000001
-1,AUDUSD,1.0,2011-12-21 07:16:09,1.0176499999999999,2011-12-21 11:39:18,1.0135000000000001
-1,AUDUSD,1.0,2011-12-21 07:18:17,1.01807,2011-12-21 11:39:18,1.0135000000000001
-1,AUDUSD,1.0,2011-12-21 07:36:08,1.01806,2011-12-21 11:39:18,1.0135000000000001
1,AUDUSD,1.0,2011-12-21 12:25:48,1.01203,2011-12-22 08:10:27,1.0125
1,AUDUSD,1.0,2011-12-21 12:45:25,1.0102500000000001,2011-12-22 08:23:18,1.0135400000000001
1,AUDUSD,1.0,2011-12-21 12:45:52,1.0097,2011-12-22 08:10:27,1.0125
1,AUDUSD,1.0,2011-12-21 12:46:51,1.0096099999999999,2011-12-22 08:21:32,1.0131300000000001
-1,EURUSD,1.0,2011-12-23 13:15:33,1.30568,2011-12-23 14:11:34,1.3048299999999999
-1,EURUSD,1.0,2011-12-29 17:03:13,1.2955000000000001,2011-12-30 08:43:04,1.2905
-1,EURUSD,1.0,2011-12-29 17:03:43,1.29541,2011-12-30 08:43:04,1.2905
-1,EURUSD,1.0,2011-12-29 21:16:01,1.2960199999999999,2011-12-29 23:15:20,1.2954300000000001
-1,EURUSD,1.0,2011-12-29 22:10:50,1.2959000000000001,2011-12-29 23:15:17,1.2954300000000001
-1,EURUSD,1.0,2011-12-30 00:05:32,1.2951699999999999,2011-12-30 11:50:41,1.2932999999999999
-1,EURUSD,1.0,2011-12-30 00:50:58,1.2953699999999999,2011-12-30 11:44:43,1.2927
-1,GBPUSD,1.0,2011-12-30 12:00:03,1.546,2012-01-02 07:15:24,1.54996
-1,GBPUSD,1.0,2011-12-30 12:02:57,1.5457700000000001,2012-01-02 07:15:40,1.5499499999999999
-1,GBPUSD,1.0,2011-12-30 12:11:32,1.54582,2012-01-02 07:15:46,1.5490900000000001
-1,GBPUSD,1.0,2011-12-30 12:15:12,1.5459000000000001,2012-01-02 07:15:52,1.5503899999999999
-1,USDCHF,1.0,2012-01-03 10:04:36,0.93283000000000005,2012-01-03 11:32:21,0.93215999999999999
-1,AUDUSD,1.0,2012-01-03 11:39:49,1.0359,2012-01-04 02:19:39,1.0345200000000001
-1,AUDUSD,1.0,2012-01-03 11:40:29,1.0358700000000001,2012-01-04 02:19:33,1.0345200000000001
-1,AUDUSD,1.0,2012-01-03 11:41:34,1.0359400000000001,2012-01-04 02:19:29,1.0345
-1,AUDUSD,1.0,2012-01-03 11:42:27,1.0360400000000001,2012-01-04 02:19:26,1.0345
-1,GBPUSD,1.0,2012-01-04 07:24:39,1.5647899999999999,2012-01-04 08:08:21,1.5663499999999999
-1,GBPUSD,1.0,2012-01-04 07:25:58,1.5646500000000001,2012-01-04 08:08:25,1.5663899999999999
-1,GBPUSD,1.0,2012-01-04 07:27:18,1.56471,2012-01-04 08:24:25,1.5658399999999999
-1,GBPUSD,1.0,2012-01-04 07:28:10,1.56474,2012-01-04 08:24:30,1.56585
1,EURUSD,1.0,2012-01-04 08:09:40,1.3063100000000001,2012-01-04 08:55:59,1.3035699999999999
1,EURUSD,1.0,2012-01-04 08:12:40,1.3064,2012-01-04 08:55:56,1.30352
1,EURUSD,1.0,2012-01-04 08:25:34,1.30623,2012-01-04 08:55:52,1.3035099999999999
1,EURUSD,1.0,2012-01-04 08:26:52,1.3061400000000001,2012-01-04 08:55:49,1.3035300000000001
1,AUDUSD,1.0,2012-01-05 11:42:45,1.0247999999999999,2012-01-05 12:12:02,1.0260400000000001
1,AUDUSD,1.0,2012-01-08 23:36:22,1.0189999999999999,2012-01-09 06:41:28,1.0189999999999999
1,AUDUSD,1.0,2012-01-08 23:38:16,1.0183899999999999,2012-01-09 06:41:28,1.0189999999999999
1,AUDUSD,1.0,2012-01-09 00:17:35,1.0185999999999999,2012-01-09 06:41:28,1.0189999999999999
1,AUDUSD,1.0,2012-01-09 00:22:28,1.0177400000000001,2012-01-09 06:41:28,1.0189999999999999
-1,EURUSD,1.0,2012-01-09 08:35:37,1.2764,2012-01-11 10:32:41,1.27542
-1,EURUSD,1.0,2012-01-09 08:36:19,1.2766999999999999,2012-01-11 10:31:57,1.2754399999999999
-1,EURUSD,1.0,2012-01-09 08:37:06,1.2768999999999999,2012-01-11 04:57:48,1.2744200000000001
-1,EURUSD,1.0,2012-01-09 08:37:56,1.2765500000000001,2012-01-11 04:57:44,1.2744500000000001
-1,GBPUSD,1.0,2012-01-13 06:14:12,1.5376799999999999,2012-01-13 08:48:32,1.5355000000000001
-1,GBPUSD,1.0,2012-01-13 06:40:25,1.5379499999999999,2012-01-13 09:02:16,1.5347200000000001
-1,GBPUSD,1.0,2012-01-13 06:58:02,1.53772,2012-01-13 09:02:19,1.53467
-1,GBPUSD,1.0,2012-01-13 07:05:45,1.53799,2012-01-13 08:15:13,1.53668
-1,EURUSD,1.0,2012-01-13 08:21:43,1.28644,2012-01-13 09:24:49,1.2838799999999999
1,EURUSD,1.0,2012-01-13 14:09:03,1.27199,2012-01-13 20:36:21,1.2676400000000001
1,EURUSD,1.0,2012-01-13 14:10:42,1.2712699999999999,2012-01-13 20:35:10,1.26769
1,EURUSD,1.0,2012-01-13 14:11:50,1.27047,2012-01-13 20:35:04,1.26769
1,EURUSD,1.0,2012-01-13 14:51:43,1.2683,2012-01-13 20:36:12,1.26769
-1,EURUSD,1.0,2012-01-17 02:49:50,1.2725,2012-01-17 14:27:36,1.272
-1,EURUSD,1.0,2012-01-17 02:52:42,1.2729699999999999,2012-01-17 14:27:36,1.272
-1,EURUSD,1.0,2012-01-17 03:05:47,1.27285,2012-01-17 14:41:53,1.2718700000000001
-1,EURUSD,1.0,2012-01-17 03:10:56,1.2731399999999999,2012-01-17 14:41:49,1.27189
-1,EURUSD,1.0,2012-01-18 22:53:44,1.2851999999999999,2012-01-20 14:16:02,1.2924
-1,EURUSD,1.0,2012-01-19 03:29:19,1.28729,2012-01-20 14:15:58,1.2923899999999999
-1,EURUSD,1.0,2012-01-19 12:38:47,1.2907599999999999,2012-01-20 14:12:39,1.2918099999999999
-1,EURUSD,1.0,2012-01-19 12:53:16,1.2925,2012-01-20 14:12:35,1.2917799999999999
-1,EURUSD,1.0,2012-01-23 10:56:31,1.2970299999999999,2012-01-24 09:09:38,1.3042400000000001
-1,EURUSD,1.0,2012-01-23 10:58:12,1.2971600000000001,2012-01-24 09:09:35,1.3042800000000001
-1,EURUSD,1.0,2012-01-23 10:59:32,1.2975399999999999,2012-01-24 09:09:24,1.3046800000000001
-1,EURUSD,1.0,2012-01-23 11:00:35,1.2977000000000001,2012-01-24 09:09:20,1.3047200000000001
1,AUDUSD,1.0,2012-01-24 09:57:44,1.0466899999999999,2012-01-24 17:57:28,1.0478000000000001
1,AUDUSD,1.0,2012-01-24 14:04:28,1.0435000000000001,2012-01-24 17:57:28,1.0478000000000001
-1,GBPUSD,1.0,2012-01-25 00:54:09,1.5615699999999999,2012-01-25 12:27:25,1.55623
-1,GBPUSD,1.0,2012-01-25 00:55:32,1.5615300000000001,2012-01-25 12:36:42,1.55602
-1,GBPUSD,1.0,2012-01-25 00:56:20,1.5615000000000001,2012-01-25 12:36:53,1.55599
-1,GBPUSD,1.0,2012-01-25 00:59:14,1.5616399999999999,2012-01-25 09:38:24,1.55569
-1,GBPUSD,1.0,2012-01-25 09:53:53,1.55779,2012-01-25 12:24:17,1.5562
-1,USDCHF,1.0,2012-01-25 12:26:08,0.93298999999999999,2012-01-25 21:53:51,0.92193000000000003
1,EURUSD,1.0,2012-01-27 00:16:31,1.30887,2012-01-27 10:05:37,1.3140000000000001
1,EURUSD,1.0,2012-01-27 00:25:37,1.3085899999999999,2012-01-27 07:01:49,1.31081
1,EURUSD,1.0,2012-01-27 00:26:14,1.3083,2012-01-27 09:57:03,1.3126599999999999
1,EURUSD,1.0,2012-01-27 00:27:36,1.30836,2012-01-27 07:01:01,1.3109
1,AUDUSD,1.0,2012-01-30 08:40:43,1.05664,2012-01-30 16:04:21,1.0579000000000001
1,AUDUSD,1.0,2012-01-30 10:15:26,1.0529999999999999,2012-01-30 16:04:21,1.0579000000000001
1,AUDUSD,1.0,2012-01-30 11:12:18,1.0543400000000001,2012-01-30 15:51:23,1.05636
-1,EURUSD,1.0,2012-01-31 10:25:28,1.31826,2012-01-31 13:09:27,1.3175600000000001
1,GBPUSD,1.0,2012-02-01 11:51:24,1.5787199999999999,2012-02-01 12:42:59,1.5840000000000001
-1,GBPUSD,1.0,2012-02-03 13:50:13,1.5764,2012-02-03 14:16:19,1.5759399999999999
-1,GBPUSD,1.0,2012-02-03 13:52:52,1.57718,2012-02-03 14:17:26,1.57657
1,AUDUSD,1.0,2012-02-07 03:41:46,1.0782400000000001,2012-02-07 04:50:26,1.07914
-1,AUDUSD,1.0,2012-02-08 13:31:43,1.0838099999999999,2012-02-08 14:36:59,1.0820099999999999
1,EURUSD,1.0,2012-02-09 13:16:59,1.3296399999999999,2012-02-09 13:40:09,1.3258799999999999
-1,GBPUSD,1.0,2012-02-09 13:36:53,1.5847800000000001,2012-02-10 00:33:18,1.58101
-1,GBPUSD,1.0,2012-02-09 13:45:43,1.58632,2012-02-09 23:56:46,1.5810200000000001
1,AUDUSD,1.0,2012-02-10 05:04:45,1.0704,2012-02-12 22:24:36,1.069
-1,AUDUSD,1.0,2012-02-13 08:10:40,1.0753200000000001,2012-02-13 15:49:06,1.0730900000000001
-1,AUDUSD,1.0,2012-02-13 08:35:13,1.0767500000000001,2012-02-14 02:04:38,1.0688200000000001
-1,AUDUSD,1.0,2012-02-13 08:54:30,1.07741,2012-02-14 03:30:04,1.06735
-1,USDJPY,1.0,2012-02-14 09:43:48,78.158000000000001,2012-02-15 14:55:30,78.259
-1,USDJPY,1.0,2012-02-15 12:03:15,78.572000000000003,2012-02-15 14:50:30,78.265000000000001
1,EURUSD,1.0,2012-02-16 07:01:48,1.2998700000000001,2012-02-16 15:05:31,1.30392
-1,USDJPY,1.0,2012-02-17 13:03:52,79.218999999999994,2012-02-21 07:16:40,79.799999999999997
-1,EURUSD,1.0,2012-02-17 13:39:16,1.31728,2012-02-17 17:54:00,1.31541
-1,EURUSD,1.0,2012-02-19 22:00:08,1.3177099999999999,2012-02-21 02:51:59,1.3253600000000001
-1,EURUSD,1.0,2012-02-20 11:53:56,1.3268200000000001,2012-02-21 02:51:08,1.32473
-1,EURUSD,1.0,2012-02-20 11:54:53,1.3268,2012-02-20 23:59:27,1.32067
1,EURUSD,1.0,2012-02-21 03:12:35,1.32911,2012-02-21 07:23:00,1.32525
-1,USDJPY,1.0,2012-02-22 05:31:16,80.063000000000002,2012-02-24 19:34:36,80.936000000000007
-1,USDJPY,1.0,2012-02-22 09:11:42,80.215999999999994,2012-02-23 22:38:18,79.962000000000003
-1,EURUSD,1.0,2012-02-24 12:00:46,1.3411900000000001,2012-02-27 10:25:26,1.3414600000000001
-1,EURUSD,1.0,2012-02-24 18:49:15,1.34649,2012-02-27 10:21:19,1.3419399999999999
1,USDJPY,1.0,2012-02-27 09:33:51,80.647000000000006,2012-02-27 10:03:25,80.635999999999996
1,EURUSD,1.0,2012-02-27 12:30:14,1.3392200000000001,2012-02-27 15:45:05,1.3412999999999999
1,USDJPY,1.0,2012-02-28 03:48:08,80.180000000000007,2012-02-28 06:30:02,80.623000000000005
1,USDCHF,1.0,2012-02-28 08:14:19,0.89614000000000005,2012-02-28 09:07:32,0.89666999999999997
-1,USDCHF,1.0,2012-02-28 09:31:00,0.89746000000000004,2012-02-28 10:00:39,0.89703999999999995
1,EURUSD,1.0,2012-03-01 14:00:11,1.32927,2012-03-01 20:17:22,1.33134
-1,USDJPY,1.0,2012-03-02 04:05:30,81.478999999999999,2012-03-02 11:30:09,81.478999999999999
-1,USDJPY,1.0,2012-03-02 07:56:31,81.611000000000004,2012-03-02 11:05:38,81.501999999999995
-1,USDCHF,1.0,2012-03-02 12:06:18,0.91249999999999998,2012-03-05 07:08:38,0.91303999999999996
1,EURUSD,1.0,2012-03-02 15:04:10,1.319,2012-03-05 07:08:44,1.32026
1,GBPUSD,1.0,2012-03-05 08:02:19,1.5804800000000001,2012-03-05 08:52:20,1.5811200000000001
1,GBPUSD,1.0,2012-03-05 08:24:15,1.5792600000000001,2012-03-05 12:08:35,1.5816699999999999
1,EURUSD,1.0,2012-03-05 09:09:03,1.3174600000000001,2012-03-05 12:31:54,1.3202400000000001
-1,GBPUSD,1.0,2012-03-06 10:30:49,1.5773600000000001,2012-03-06 14:33:21,1.5765800000000001
-1,GBPUSD,1.0,2012-03-08 09:13:38,1.5793999999999999,2012-03-08 11:17:50,1.5791900000000001
-1,EURUSD,1.0,2012-03-08 09:33:01,1.32003,2012-03-09 08:01:28,1.3219799999999999
-1,EURUSD,1.0,2012-03-08 11:50:14,1.32362,2012-03-09 07:53:29,1.32237
-1,EURUSD,1.0,2012-03-08 12:16:30,1.3244100000000001,2012-03-09 06:29:10,1.3235399999999999
1,USDJPY,1.0,2012-03-09 13:40:22,82.135999999999996,2012-03-09 13:42:06,82.275999999999996
1,EURUSD,1.0,2012-03-09 13:51:54,1.3139700000000001,2012-03-12 01:27:28,1.3086899999999999
1,USDCHF,1.0,2012-03-12 13:44:40,0.91864999999999997,2012-03-13 11:04:42,0.91946000000000006
-1,EURUSD,1.0,2012-03-14 05:49:42,1.3052299999999999,2012-03-14 11:01:29,1.3080000000000001
-1,USDJPY,1.0,2012-03-14 17:58:49,83.637,2012-03-15 10:40:16,83.537999999999997
-1,USDJPY,1.0,2012-03-14 23:58:35,83.837000000000003,2012-03-15 11:29:55,83.299999999999997
-1,USDJPY,1.0,2012-03-15 00:24:24,83.950999999999993,2012-03-15 11:44:04,83.326999999999998
-1,USDJPY,1.0,2012-03-15 03:16:32,84.076999999999998,2012-03-15 10:45:48,83.462999999999994
1,EURUSD,1.0,2012-03-16 10:53:03,1.3055699999999999,2012-03-16 11:07:08,1.3066800000000001
-1,GBPUSD,1.0,2012-03-19 15:56:56,1.59006,2012-03-19 22:28:31,1.58944
-1,EURUSD,1.0,2012-03-21 15:05:20,1.3188899999999999,2012-03-21 16:09:44,1.32019
-1,EURUSD,1.0,2012-03-22 08:31:49,1.3162400000000001,2012-03-22 16:01:45,1.3200000000000001
1,EURUSD,1.0,2012-03-23 09:23:51,1.32677,2012-03-26 06:29:41,1.32538
-1,AUDUSD,1.0,2012-03-25 22:15:16,1.0481400000000001,2012-03-26 06:39:36,1.0430999999999999
-1,EURUSD,1.0,2012-03-26 08:42:33,1.3207500000000001,2012-03-26 11:08:16,1.3247
1,GBPUSD,1.0,2012-03-26 11:15:51,1.5886899999999999,2012-03-27 01:24:31,1.5967199999999999
1,GBPUSD,1.0,2012-03-28 13:47:48,1.5883499999999999,2012-03-28 14:27:23,1.5851900000000001
1,EURUSD,1.0,2012-03-30 00:45:25,1.33334,2012-03-30 13:00:53,1.33386
-1,AUDUSD,1.0,2012-03-30 02:06:10,1.0402899999999999,2012-03-30 03:14:53,1.0396700000000001
1,EURUSD,1.0,2012-04-02 07:40:06,1.33683,2012-04-02 12:07:35,1.3320000000000001
1,USDCHF,1.0,2012-04-02 13:20:23,0.90703,2012-04-03 09:36:35,0.90031000000000005
-1,EURUSD,1.0,2012-04-03 22:49:35,1.32233,2012-04-04 11:12:18,1.31589
1,EURUSD,1.0,2012-04-05 09:32:41,1.3090999999999999,2012-04-06 12:32:21,1.3100000000000001
1,EURUSD,1.0,2012-04-05 10:06:50,1.3062100000000001,2012-04-06 06:11:25,1.3072600000000001
-1,GBPUSD,1.0,2012-04-09 22:40:16,1.5899399999999999,2012-04-10 08:17:31,1.58558
-1,GBPUSD,1.0,2012-04-11 06:25:47,1.58988,2012-04-11 08:00:55,1.58867
-1,GBPUSD,1.0,2012-04-11 08:30:58,1.5908599999999999,2012-04-11 09:09:27,1.5887800000000001
-1,GBPUSD,1.0,2012-04-12 06:19:08,1.59274,2012-04-13 07:57:11,1.59348
-1,GBPUSD,1.0,2012-04-12 14:54:17,1.5956399999999999,2012-04-12 16:28:57,1.5951599999999999
-1,GBPUSD,1.0,2012-04-13 00:58:53,1.59674,2012-04-13 04:05:13,1.5941799999999999
1,AUDUSD,1.0,2012-04-15 23:35:48,1.03582,2012-04-16 09:50:32,1.0351399999999999
1,AUDUSD,1.0,2012-04-16 00:00:39,1.0345,2012-04-16 09:36:25,1.03451
-1,EURUSD,1.0,2012-04-16 20:49:47,1.3141799999999999,2012-04-17 06:31:58,1.3098700000000001
1,GBPUSD,1.0,2012-04-17 06:30:30,1.5867,2012-04-17 07:07:09,1.5885
-1,GBPUSD,1.0,2012-04-18 22:12:46,1.60162,2012-04-19 11:35:52,1.60151
-1,GBPUSD,1.0,2012-04-19 07:08:18,1.60595,2012-04-19 10:24:11,1.6036300000000001
1,EURUSD,1.0,2012-04-20 05:48:38,1.3165100000000001,2012-04-20 06:44:47,1.31456
1,EURUSD,1.0,2012-04-20 08:01:17,1.3176300000000001,2012-04-20 09:23:02,1.3156600000000001
1,EURUSD,1.0,2012-04-20 08:04:07,1.31673,2012-04-20 09:05:50,1.31525
-1,GBPUSD,1.0,2012-04-20 08:31:30,1.6114999999999999,2012-04-23 07:14:10,1.60914
-1,GBPUSD,1.0,2012-04-20 10:46:56,1.6111800000000001,2012-04-23 11:11:29,1.6084400000000001
-1,GBPUSD,1.0,2012-04-24 06:50:07,1.61361,2012-04-24 13:50:19,1.61334
-1,GBPUSD,1.0,2012-04-24 11:38:19,1.61608,2012-04-24 13:48:30,1.6141000000000001
-1,EURUSD,1.0,2012-04-25 11:33:31,1.3203800000000001,2012-04-25 16:33:07,1.3199700000000001
-1,GBPUSD,1.0,2012-04-26 06:39:44,1.61856,2012-04-27 06:20:28,1.61574
1,USDJPY,1.0,2012-04-27 05:05:28,80.882999999999996,2012-04-27 07:37:49,80.619
-1,GBPUSD,1.0,2012-04-27 07:43:54,1.6174900000000001,2012-05-01 04:35:57,1.6226
-1,GBPUSD,1.0,2012-04-27 09:40:53,1.623,2012-05-01 03:27:21,1.6230500000000001
-1,GBPUSD,1.0,2012-04-27 13:15:08,1.6248800000000001,2012-04-30 15:28:23,1.6233200000000001
1,USDJPY,1.0,2012-05-01 07:10:10,79.671000000000006,2012-05-01 23:07:07,80.141000000000005
-1,USDJPY,1.0,2012-05-02 07:10:07,80.575000000000003,2012-05-02 07:25:49,80.483000000000004
-1,EURUSD,1.0,2012-05-02 07:43:22,1.32039,2012-05-02 09:26:39,1.3143
-1,EURUSD,1.0,2012-05-02 07:45:13,1.3193299999999999,2012-05-03 05:18:01,1.3146899999999999
-1,EURUSD,1.0,2012-05-02 14:20:35,1.3152600000000001,2012-05-03 02:10:23,1.3139099999999999
1,AUDUSD,1.0,2012-05-04 14:39:04,1.01844,2012-05-04 16:10:53,1.01949
-1,EURUSD,1.0,2012-05-04 15:23:57,1.3102499999999999,2012-05-04 15:45:56,1.30894
1,AUDUSD,1.0,2012-05-06 23:06:04,1.01326,2012-05-07 06:11:21,1.01464
1,AUDUSD,1.0,2012-05-07 00:10:34,1.01176,2012-05-07 03:16:00,1.0137499999999999
-1,EURUSD,1.0,2012-05-07 13:20:18,1.30453,2012-05-08 03:20:06,1.30314
-1,EURUSD,1.0,2012-05-07 13:27:55,1.3053999999999999,2012-05-07 13:55:57,1.3044500000000001
-1,AUDUSD,1.0,2012-05-07 18:55:41,1.0209299999999999,2012-05-08 01:34:37,1.0176799999999999
-1,AUDUSD,1.0,2012-05-08 05:39:16,1.01929,2012-05-08 06:34:01,1.0179
1,GBPUSD,1.0,2012-05-08 06:49:15,1.61581,2012-05-08 11:17:25,1.6152899999999999
1,GBPUSD,1.0,2012-05-08 07:32:40,1.6143000000000001,2012-05-08 11:08:30,1.6149100000000001
1,GBPUSD,1.0,2012-05-08 09:33:04,1.6128100000000001,2012-05-08 11:07:54,1.6147800000000001
1,GBPUSD,1.0,2012-05-08 12:25:31,1.6136999999999999,2012-05-08 15:40:19,1.6153599999999999
1,USDJPY,1.0,2012-05-09 11:34:40,79.474000000000004,2012-05-09 22:57:06,79.632000000000005
-1,AUDUSD,1.0,2012-05-10 07:01:52,1.01189,2012-05-10 08:12:57,1.00895
1,GBPUSD,1.0,2012-05-11 05:41:20,1.6114999999999999,2012-05-11 06:49:23,1.61225
1,GBPUSD,1.0,2012-05-11 07:21:26,1.6105499999999999,2012-05-11 08:48:02,1.61243
1,GBPUSD,1.0,2012-05-11 10:26:18,1.6104700000000001,2012-05-11 14:32:48,1.6107499999999999
1,GBPUSD,1.0,2012-05-11 12:37:47,1.6092599999999999,2012-05-11 14:25:22,1.6103000000000001
1,AUDUSD,1.0,2012-05-14 07:38:53,0.99856,2012-05-15 06:12:53,1.0000800000000001
1,AUDUSD,1.0,2012-05-14 08:24:17,0.99687000000000003,2012-05-14 12:15:58,0.99846000000000001
-1,USDCHF,1.0,2012-05-14 12:16:20,0.93357000000000001,2012-05-15 07:51:22,0.93367
1,AUDUSD,1.0,2012-05-15 01:42:29,0.99582000000000004,2012-05-15 04:13:09,0.99758999999999998
1,GBPUSD,1.0,2012-05-16 01:42:21,1.5979399999999999,2012-05-16 08:15:38,1.5971
1,AUDUSD,1.0,2012-05-16 06:21:09,0.98950000000000005,2012-05-16 09:20:42,0.99194000000000004
1,GBPUSD,1.0,2012-05-16 07:39:54,1.5937300000000001,2012-05-16 08:04:11,1.5966
1,GBPUSD,1.0,2012-05-16 09:31:31,1.59179,2012-05-16 10:43:18,1.59236
-1,AUDUSD,1.0,2012-05-16 14:23:24,0.99622999999999995,2012-05-16 15:05:54,0.99278
1,AUDUSD,1.0,2012-05-16 18:54:52,0.99229000000000001,2012-05-17 00:05:56,0.99326999999999999
1,GBPUSD,1.0,2012-05-17 09:53:33,1.58782,2012-05-18 09:51:49,1.5820000000000001
1,GBPUSD,1.0,2012-05-17 12:30:39,1.581,2012-05-18 09:51:49,1.5820000000000001
1,GBPUSD,1.0,2012-05-17 15:07:28,1.58114,2012-05-18 09:52:11,1.5818399999999999
1,GBPUSD,1.0,2012-05-17 21:51:27,1.5784,2012-05-18 09:45:29,1.5805
-1,GBPUSD,1.0,2012-05-18 12:30:50,1.58266,2012-05-18 15:27:38,1.58145
-1,GBPUSD,1.0,2012-05-18 13:31:12,1.58325,2012-05-18 14:06:11,1.5818099999999999
-1,EURUSD,1.0,2012-05-20 21:02:19,1.2765299999999999,2012-05-21 11:44:32,1.2765
-1,EURUSD,1.0,2012-05-21 01:36:59,1.28085,2012-05-21 03:40:47,1.2795099999999999
-1,GBPUSD,1.0,2012-05-22 08:08:15,1.58341,2012-05-22 08:45:50,1.5800799999999999
-1,EURUSD,1.0,2012-05-22 09:05:51,1.2760199999999999,2012-05-22 09:39:51,1.27579
1,AUDUSD,1.0,2012-05-22 17:45:23,0.98380000000000001,2012-05-23 04:56:38,0.97738000000000003
1,EURUSD,1.0,2012-05-22 21:31:35,1.2677700000000001,2012-05-23 12:36:08,1.2654000000000001
1,EURUSD,1.0,2012-05-23 00:23:25,1.2661100000000001,2012-05-23 12:34:22,1.2657400000000001
-1,EURUSD,1.0,2012-05-24 07:44:54,1.2544900000000001,2012-05-24 07:57:48,1.2541899999999999
1,AUDUSD,1.0,2012-05-24 08:50:27,0.97177999999999998,2012-05-24 09:14:41,0.97394999999999998
1,EURUSD,1.0,2012-05-24 19:15:40,1.2525599999999999,2012-05-24 19:31:19,1.2541199999999999
-1,EURUSD,1.0,2012-05-25 12:29:41,1.2523299999999999,2012-05-25 12:36:14,1.25088
-1,EURUSD,1.0,2012-05-28 03:00:43,1.25898,2012-05-28 08:08:20,1.25752
-1,EURUSD,1.0,2012-05-28 05:43:29,1.2603,2012-05-28 06:05:45,1.2596700000000001
-1,AUDUSD,1.0,2012-05-28 10:21:14,0.9879,2012-05-28 11:46:37,0.98736999999999997
1,EURUSD,1.0,2012-05-29 07:05:08,1.2561899999999999,2012-05-29 09:14:52,1.25606
-1,EURUSD,1.0,2012-05-29 11:45:06,1.2521500000000001,2012-05-29 12:09:08,1.2521199999999999
1,EURUSD,1.0,2012-05-30 01:38:54,1.24657,2012-05-30 06:31:35,1.24722
1,EURUSD,1.0,2012-05-30 07:58:08,1.2458400000000001,2012-05-31 09:09:40,1.24203
1,EURUSD,1.0,2012-05-30 09:12:22,1.2441599999999999,2012-05-31 08:41:47,1.24146
-1,GBPUSD,1.0,2012-05-30 14:21:00,1.55345,2012-05-30 14:48:21,1.55267
-1,GBPUSD,1.0,2012-05-30 14:30:50,1.55498,2012-05-30 14:37:40,1.5534399999999999
1,EURUSD,1.0,2012-05-30 20:26:56,1.2367600000000001,2012-05-31 03:25:20,1.2374099999999999
1,GBPUSD,1.0,2012-05-31 07:09:15,1.54898,2012-05-31 07:26:39,1.5497399999999999
1,EURUSD,1.0,2012-06-01 00:56:46,1.23448,2012-06-01 13:28:27,1.2400100000000001
1,GBPUSD,1.0,2012-06-01 08:28:02,1.5305,2012-06-01 13:10:51,1.5348200000000001
1,EURUSD,1.0,2012-06-01 12:15:31,1.2322900000000001,2012-06-01 13:32:16,1.24112
1,EURUSD,1.0,2012-06-01 12:31:23,1.22984,2012-06-01 13:27:29,1.23929
1,EURUSD,1.0,2012-06-01 13:52:13,1.2410000000000001,2012-06-01 14:10:18,1.2425900000000001
1,EURUSD,1.0,2012-06-01 13:57:47,1.23946,2012-06-01 14:01:03,1.2415799999999999
1,EURUSD,1.0,2012-06-01 14:59:27,1.2364999999999999,2012-06-01 15:38:57,1.2382599999999999
-1,EURUSD,1.0,2012-06-04 13:38:33,1.2495099999999999,2012-06-04 13:43:44,1.2486999999999999
-1,EURUSD,1.0,2012-06-04 14:07:54,1.2490600000000001,2012-06-05 06:49:41,1.2495099999999999
-1,EURUSD,1.0,2012-06-05 00:07:06,1.2535700000000001,2012-06-05 06:41:33,1.2499400000000001
-1,GBPUSD,1.0,2012-06-06 07:34:32,1.54545,2012-06-06 09:21:15,1.5448500000000001
-1,AUDUSD,1.0,2012-06-06 11:06:24,0.98614000000000002,2012-06-07 20:20:46,0.99002999999999997
-1,GBPUSD,1.0,2012-06-06 11:25:31,1.5512999999999999,2012-06-06 11:39:02,1.55063
-1,USDJPY,1.0,2012-06-07 05:40:38,79.447000000000003,2012-06-07 09:01:36,79.450999999999993
-1,EURUSD,1.0,2012-06-07 11:27:24,1.2585900000000001,2012-06-07 14:19:56,1.2562899999999999
-1,USDJPY,1.0,2012-06-07 14:30:38,79.640000000000001,2012-06-08 02:03:46,79.406999999999996
-1,USDJPY,1.0,2012-06-07 23:55:30,79.742000000000004,2012-06-08 00:33:50,79.591999999999999
1,GBPUSD,1.0,2012-06-08 09:09:38,1.5414000000000001,2012-06-08 09:30:32,1.5415399999999999
-1,EURUSD,1.0,2012-06-10 21:39:35,1.266,2012-06-11 07:25:10,1.2619400000000001
-1,GBPUSD,1.0,2012-06-11 01:20:17,1.5553699999999999,2012-06-11 07:21:15,1.55426
-1,EURUSD,1.0,2012-06-11 05:37:38,1.2644500000000001,2012-06-11 06:16:35,1.2628600000000001
1,EURUSD,1.0,2012-06-11 21:08:52,1.24746,2012-06-11 23:56:05,1.2476499999999999
1,EURUSD,1.0,2012-06-11 22:10:31,1.24644,2012-06-11 22:40:17,1.24709
-1,EURUSD,1.0,2012-06-12 14:08:29,1.2456799999999999,2012-06-12 15:13:52,1.2478400000000001
-1,EURUSD,1.0,2012-06-13 11:50:20,1.25363,2012-06-13 13:41:03,1.25241
-1,EURUSD,1.0,2012-06-13 12:46:13,1.2537799999999999,2012-06-13 13:48:38,1.25278
-1,EURUSD,1.0,2012-06-13 15:37:00,1.2600899999999999,2012-06-13 15:51:49,1.25936
-1,GBPUSD,1.0,2012-06-14 06:21:36,1.54928,2012-06-14 06:49:25,1.5481
-1,EURUSD,1.0,2012-06-14 08:53:48,1.2545999999999999,2012-06-14 10:16:49,1.2565299999999999
-1,EURUSD,1.0,2012-06-14 21:38:46,1.26284,2012-06-15 00:49:11,1.26163
-1,EURUSD,1.0,2012-06-15 03:44:01,1.2639,2012-06-15 07:28:35,1.2625599999999999
-1,AUDUSD,1.0,2012-06-15 15:35:49,1.0065299999999999,2012-06-15 16:24:07,1.0054700000000001
-1,AUDUSD,1.0,2012-06-18 00:33:27,1.01149,2012-06-18 01:45:49,1.00929
-1,AUDUSD,1.0,2012-06-18 06:12:31,1.0115099999999999,2012-06-18 07:23:37,1.01023
1,EURUSD,1.0,2012-06-18 12:38:43,1.2606599999999999,2012-06-18 14:23:10,1.2600899999999999
-1,AUDUSD,1.0,2012-06-19 14:09:45,1.0174399999999999,2012-06-20 16:32:15,1.0169999999999999
-1,AUDUSD,1.0,2012-06-19 14:23:17,1.01762,2012-06-21 02:23:26,1.0172000000000001
-1,AUDUSD,1.0,2012-06-19 15:49:23,1.0191399999999999,2012-06-19 18:50:21,1.0177099999999999
-1,AUDUSD,1.0,2012-06-20 11:31:51,1.0206,2012-06-20 12:50:45,1.01942
-1,EURUSD,1.0,2012-06-21 18:07:48,1.2564599999999999,2012-06-21 18:16:12,1.2561100000000001
-1,EURUSD,1.0,2012-06-22 10:34:45,1.2553700000000001,2012-06-25 05:39:23,1.25267
-1,EURUSD,1.0,2012-06-25 06:37:55,1.24993,2012-06-25 09:21:34,1.2493000000000001
-1,EURUSD,1.0,2012-06-25 06:40:47,1.25058,2012-06-25 09:25:01,1.2491699999999999
1,USDJPY,1.0,2012-06-25 12:28:26,79.674000000000007,2012-06-25 22:18:31,79.597999999999999
-1,EURUSD,1.0,2012-06-26 08:49:15,1.2487999999999999,2012-06-26 09:41:18,1.2498100000000001
-1,EURUSD,1.0,2012-06-26 12:18:26,1.24614,2012-06-26 12:53:23,1.24726
-1,EURUSD,1.0,2012-06-28 08:55:50,1.2426200000000001,2012-06-29 02:49:21,1.2470399999999999
-1,EURUSD,1.0,2012-06-28 09:07:06,1.2432300000000001,2012-06-29 02:49:17,1.24716
-1,EURUSD,1.0,2012-06-28 11:28:22,1.2448600000000001,2012-06-28 11:55:52,1.2431399999999999
-1,EURUSD,1.0,2012-06-29 03:02:51,1.26047,2012-06-29 03:03:40,1.2585
1,EURUSD,1.0,2012-07-02 17:34:16,1.25851,2012-07-03 04:07:13,1.2601800000000001
-1,GBPUSD,1.0,2012-07-04 10:10:09,1.56538,2012-07-04 11:01:09,1.56443
1,AUDUSD,1.0,2012-07-05 11:01:40,1.0318400000000001,2012-07-05 12:32:07,1.0281
1,AUDUSD,1.0,2012-07-05 11:02:57,1.0307200000000001,2012-07-05 12:32:07,1.0281
-1,AUDUSD,1.0,2012-07-05 12:36:57,1.0260800000000001,2012-07-06 02:35:02,1.02589
-1,AUDUSD,1.0,2012-07-05 12:38:42,1.0264,2012-07-06 02:36:21,1.02583
-1,AUDUSD,1.0,2012-07-05 12:39:22,1.0261400000000001,2012-07-06 02:40:30,1.0255300000000001
-1,AUDUSD,1.0,2012-07-05 12:43:41,1.02623,2012-07-06 02:40:25,1.0255000000000001
1,EURUSD,1.0,2012-07-06 07:02:45,1.2371099999999999,2012-07-06 08:00:08,1.2383
1,EURUSD,1.0,2012-07-06 12:47:21,1.2354499999999999,2012-07-09 20:32:29,1.23193
-1,USDCHF,1.0,2012-07-06 14:28:38,0.97526000000000002,2012-07-09 12:50:43,0.97657000000000005
-1,EURUSD,1.0,2012-07-09 20:32:34,1.2319199999999999,2012-07-10 00:55:35,1.2299
1,USDCHF,1.0,2012-07-10 12:55:16,0.97804000000000002,2012-07-10 13:25:08,0.97660000000000002
-1,GBPUSD,1.0,2012-07-11 08:58:31,1.5557099999999999,2012-07-11 15:12:28,1.5539099999999999
-1,GBPUSD,1.0,2012-07-11 11:24:16,1.5575399999999999,2012-07-11 12:36:05,1.55542
1,EURUSD,1.0,2012-07-12 07:19:27,1.2223599999999999,2012-07-13 14:01:30,1.22336
1,EURUSD,1.0,2012-07-12 10:18:38,1.2200800000000001,2012-07-13 03:32:35,1.22061
-1,GBPUSD,1.0,2012-07-15 22:48:56,1.55897,2012-07-16 00:04:11,1.5579400000000001
-1,EURUSD,1.0,2012-07-16 12:03:37,1.2185999999999999,2012-07-16 12:15:35,1.2179
1,EURUSD,1.0,2012-07-17 14:33:18,1.2212700000000001,2012-07-17 15:04:11,1.22193
-1,EURUSD,1.0,2012-07-18 10:00:10,1.22333,2012-07-18 13:11:18,1.2222200000000001
-1,AUDUSD,1.0,2012-07-18 16:35:59,1.03607,2012-07-18 18:42:10,1.0349999999999999
-1,AUDUSD,1.0,2012-07-19 00:26:51,1.03729,2012-07-20 12:27:13,1.03905
-1,AUDUSD,1.0,2012-07-19 03:56:39,1.03929,2012-07-20 12:25:21,1.03914
-1,AUDUSD,1.0,2012-07-19 07:33:30,1.04095,2012-07-20 04:45:10,1.0406500000000001
-1,AUDUSD,1.0,2012-07-19 10:00:08,1.04172,2012-07-20 04:45:05,1.0406500000000001
-1,AUDUSD,1.0,2012-07-20 09:06:39,1.0423800000000001,2012-07-20 09:56:25,1.04138
-1,AUDUSD,1.0,2012-07-25 12:25:31,1.0293300000000001,2012-07-25 14:12:49,1.0280800000000001
-1,AUDUSD,1.0,2012-07-29 21:45:28,1.04802,2012-07-29 22:22:07,1.04701
-1,AUDUSD,1.0,2012-07-30 12:05:58,1.0493600000000001,2012-07-30 12:50:07,1.04844
-1,AUDUSD,1.0,2012-07-30 13:46:42,1.04959,2012-07-30 16:21:40,1.04834
-1,AUDUSD,1.0,2012-07-31 05:18:51,1.0530900000000001,2012-07-31 06:14:02,1.05189
1,EURUSD,1.0,2012-08-02 11:52:16,1.2293499999999999,2012-08-02 12:02:39,1.2312000000000001
-1,AUDUSD,1.0,2012-08-02 12:35:07,1.0561499999999999,2012-08-02 12:37:29,1.05423
-1,AUDUSD,1.0,2012-08-02 12:36:19,1.0568,2012-08-02 12:39:17,1.05369
1,AUDUSD,1.0,2012-08-02 13:01:40,1.0466500000000001,2012-08-02 13:07:53,1.0468599999999999
-1,EURUSD,1.0,2012-08-02 18:27:57,1.2168600000000001,2012-08-03 12:08:59,1.22499
-1,EURUSD,1.0,2012-08-03 07:34:24,1.22034,2012-08-03 12:07:01,1.2252400000000001
-1,EURUSD,1.0,2012-08-03 09:25:37,1.2220500000000001,2012-08-03 12:06:44,1.22516
-1,EURUSD,1.0,2012-08-03 09:27:06,1.2229399999999999,2012-08-03 12:06:39,1.22532
1,USDJPY,1.0,2012-08-03 13:18:30,78.698999999999998,2012-08-03 15:18:31,78.545000000000002
-1,EURUSD,1.0,2012-08-03 14:30:51,1.2340800000000001,2012-08-06 07:39:13,1.2356
-1,EURUSD,1.0,2012-08-03 15:06:12,1.23447,2012-08-06 07:22:13,1.2365299999999999
-1,EURUSD,1.0,2012-08-03 15:14:01,1.2354099999999999,2012-08-06 07:04:25,1.23689
-1,EURUSD,1.0,2012-08-03 15:19:08,1.23645,2012-08-06 07:04:21,1.23689
-1,GBPUSD,1.0,2012-08-16 06:12:32,1.5636000000000001,2012-08-16 08:30:01,1.5682
1,USDCAD,1.0,2012-08-21 10:41:35,0.98548000000000002,2012-08-21 23:57:15,0.98970000000000002
