PseudoTicket,Action,Type,Symbol,Lots,Date,Price
0,OPEN,SELL,EURUSD,1.0,2011-05-24 05:24:00,1.4073599999999999
0,CLOSE,SELL,EURUSD,1.0,2011-05-25 06:30:32,1.4044399999999999
1,OPEN,SELL,EURUSD,1.0,2011-06-09 12:48:24,1.4544600000000001
1,CLOSE,SELL,EURUSD,1.0,2011-06-09 13:19:05,1.45
2,OPEN,SELL,EURUSD,1.0,2011-06-10 01:05:56,1.4533700000000001
2,CLOSE,SELL,EURUSD,1.0,2011-06-10 05:04:16,1.44906
3,OPEN,SELL,EURUSD,1.0,2011-06-14 05:50:57,1.44354
3,CLOSE,SELL,EURUSD,1.0,2011-06-15 01:46:22,1.4414800000000001
4,OPEN,SELL,EURUSD,1.0,2011-06-16 22:24:17,1.42035
4,CLOSE,SELL,EURUSD,1.0,2011-06-17 04:30:05,1.4148700000000001
5,OPEN,BUY,EURUSD,1.0,2011-06-20 05:41:36,1.42279
5,CLOSE,BUY,EURUSD,1.0,2011-06-20 10:52:15,1.4233100000000001
6,OPEN,BUY,EURUSD,1.0,2011-06-23 09:36:16,1.42506
7,OPEN,BUY,EURUSD,1.0,2011-06-23 12:17:42,1.421
8,OPEN,BUY,EURUSD,1.0,2011-06-23 14:26:22,1.4149499999999999
7,CLOSE,BUY,EURUSD,1.0,2011-06-23 16:57:54,1.4181999999999999
6,CLOSE,BUY,EURUSD,1.0,2011-06-23 16:57:54,1.4181999999999999
8,CLOSE,BUY,EURUSD,1.0,2011-06-23 16:57:54,1.4181999999999999
9,OPEN,SELL,EURUSD,1.0,2011-06-23 19:02:08,1.4225000000000001
9,CLOSE,SELL,EURUSD,1.0,2011-06-24 08:18:48,1.42449
10,OPEN,SELL,EURUSD,1.0,2011-06-24 10:19:42,1.4223300000000001
10,CLOSE,SELL,EURUSD,1.0,2011-06-24 10:59:16,1.4202999999999999
11,OPEN,SELL,EURUSD,1.0,2011-06-27 22:38:34,1.4297899999999999
11,CLOSE,SELL,EURUSD,1.0,2011-06-28 03:42:03,1.4297899999999999
12,OPEN,BUY,EURUSD,1.0,2011-07-06 10:50:36,1.43404
12,CLOSE,BUY,EURUSD,1.0,2011-07-06 23:46:26,1.43262
13,OPEN,SELL,EURUSD,1.0,2011-07-07 06:50:26,1.4333400000000001
13,CLOSE,SELL,EURUSD,1.0,2011-07-07 08:10:29,1.43022
14,OPEN,SELL,EURUSD,1.0,2011-07-12 18:11:30,1.4036999999999999
14,CLOSE,SELL,EURUSD,1.0,2011-07-12 19:26:40,1.3987000000000001
15,OPEN,SELL,EURUSD,1.0,2011-07-13 09:35:48,1.4093800000000001
16,OPEN,SELL,EURUSD,1.0,2011-07-13 10:03:16,1.41012
16,CLOSE,SELL,EURUSD,1.0,2011-07-13 11:29:13,1.40689
17,OPEN,SELL,EURUSD,1.0,2011-07-13 22:10:39,1.4221999999999999
18,OPEN,SELL,EURUSD,1.0,2011-07-13 23:43:09,1.42465
19,OPEN,SELL,EURUSD,1.0,2011-07-13 23:53:59,1.4272
15,CLOSE,SELL,EURUSD,1.0,2011-07-14 03:23:03,1.42222
19,CLOSE,SELL,EURUSD,1.0,2011-07-14 04:01:49,1.42134
18,CLOSE,SELL,EURUSD,1.0,2011-07-14 05:58:14,1.41961
17,CLOSE,SELL,EURUSD,1.0,2011-07-14 06:00:49,1.41805
20,OPEN,BUY,EURUSD,1.0,2011-07-14 06:06:40,1.41784
20,CLOSE,BUY,EURUSD,1.0,2011-07-14 07:03:06,1.4184699999999999
21,OPEN,BUY,EURUSD,1.0,2011-07-19 07:20:59,1.41482
22,OPEN,BUY,EURUSD,1.0,2011-07-19 11:19:28,1.41682
21,CLOSE,BUY,EURUSD,1.0,2011-07-19 18:18:10,1.4119999999999999
22,CLOSE,BUY,EURUSD,1.0,2011-07-19 18:18:10,1.4119999999999999
23,OPEN,BUY,EURUSD,1.0,2011-07-20 06:35:58,1.41849
23,CLOSE,BUY,EURUSD,1.0,2011-07-20 07:16:27,1.4164000000000001
24,OPEN,BUY,EURUSD,1.0,2011-07-21 09:06:48,1.4195
24,CLOSE,BUY,EURUSD,1.0,2011-07-21 11:35:33,1.41811
25,OPEN,SELL,EURUSD,1.0,2011-07-21 11:39:01,1.4176299999999999
25,CLOSE,SELL,EURUSD,1.0,2011-07-21 12:12:40,1.42214
26,OPEN,BUY,EURUSD,1.0,2011-07-21 13:24:41,1.4331499999999999
26,CLOSE,BUY,EURUSD,1.0,2011-07-21 21:11:47,1.4430499999999999
27,OPEN,BUY,EURUSD,1.0,2011-07-22 02:26:05,1.4388799999999999
27,CLOSE,BUY,EURUSD,1.0,2011-07-22 07:33:02,1.44238
28,OPEN,BUY,EURUSD,1.0,2011-07-22 11:56:02,1.4383999999999999
29,OPEN,BUY,EURUSD,1.0,2011-07-22 13:46:17,1.4339999999999999
29,CLOSE,BUY,EURUSD,1.0,2011-07-24 21:01:28,1.4386000000000001
28,CLOSE,BUY,EURUSD,1.0,2011-07-24 21:05:26,1.4387000000000001
30,OPEN,BUY,EURUSD,1.0,2011-07-25 07:07:10,1.4350799999999999
30,CLOSE,BUY,EURUSD,1.0,2011-07-26 06:50:21,1.45126
31,OPEN,BUY,EURUSD,1.0,2011-07-26 09:07:28,1.4475100000000001
32,OPEN,BUY,EURUSD,1.0,2011-07-26 12:07:54,1.44781
31,CLOSE,BUY,EURUSD,1.0,2011-07-26 12:08:02,1.4476500000000001
32,CLOSE,BUY,EURUSD,1.0,2011-07-26 12:08:46,1.4478800000000001
33,OPEN,BUY,EURUSD,1.0,2011-07-26 12:09:21,1.4479
33,CLOSE,BUY,EURUSD,1.0,2011-07-26 12:09:49,1.4475899999999999
34,OPEN,SELL,EURUSD,1.0,2011-07-26 12:09:54,1.44753
34,CLOSE,SELL,EURUSD,1.0,2011-07-26 12:10:12,1.44773
35,OPEN,BUY,EURUSD,1.0,2011-07-26 12:10:19,1.44774
35,CLOSE,BUY,EURUSD,1.0,2011-07-26 12:10:29,1.4477599999999999
36,OPEN,BUY,EURUSD,1.0,2011-07-26 13:01:13,1.4468099999999999
36,CLOSE,BUY,EURUSD,1.0,2011-07-26 18:44:45,1.45133
37,OPEN,BUY,EURUSD,1.0,2011-07-27 11:32:30,1.4460200000000001
37,CLOSE,BUY,EURUSD,1.0,2011-07-27 15:10:41,1.4359999999999999
38,OPEN,BUY,EURUSD,1.0,2011-07-27 16:09:51,1.4339999999999999
38,CLOSE,BUY,EURUSD,1.0,2011-07-28 04:34:21,1.43607
39,OPEN,SELL,EURUSD,1.0,2011-07-28 09:53:06,1.4323399999999999
39,CLOSE,SELL,EURUSD,1.0,2011-07-29 02:31:19,1.429
40,OPEN,SELL,EURUSD,1.0,2011-08-01 09:33:28,1.4430000000000001
40,CLOSE,SELL,EURUSD,1.0,2011-08-01 14:05:37,1.42876
41,OPEN,SELL,EURUSD,1.0,2011-08-02 00:31:44,1.4268400000000001
41,CLOSE,SELL,EURUSD,1.0,2011-08-02 06:29:43,1.4241900000000001
42,OPEN,SELL,EURUSD,1.0,2011-08-02 09:26:21,1.41713
42,CLOSE,SELL,EURUSD,1.0,2011-08-02 12:32:15,1.4168799999999999
43,OPEN,BUY,EURUSD,1.0,2011-08-04 23:41:13,1.4073
43,CLOSE,BUY,EURUSD,1.0,2011-08-05 02:01:11,1.4105799999999999
44,OPEN,SELL,EURUSD,1.0,2011-08-05 07:27:46,1.4155
44,CLOSE,SELL,EURUSD,1.0,2011-08-05 07:41:04,1.41435
45,OPEN,SELL,EURUSD,1.0,2011-08-05 09:20:21,1.4162300000000001
45,CLOSE,SELL,EURUSD,1.0,2011-08-05 10:03:22,1.4130100000000001
46,OPEN,SELL,EURUSD,1.0,2011-08-05 11:15:11,1.41649
46,CLOSE,SELL,EURUSD,1.0,2011-08-05 13:20:52,1.4199999999999999
47,OPEN,BUY,EURUSD,1.0,2011-08-05 16:39:23,1.42395
47,CLOSE,BUY,EURUSD,1.0,2011-08-07 21:16:44,1.4391099999999999
48,OPEN,BUY,EURUSD,1.0,2011-08-07 22:58:42,1.4299999999999999
48,CLOSE,BUY,EURUSD,1.0,2011-08-08 01:12:04,1.4351
49,OPEN,BUY,EURUSD,1.0,2011-08-09 23:47:00,1.43699
49,CLOSE,BUY,EURUSD,1.0,2011-08-10 09:40:03,1.4383999999999999
50,OPEN,SELL,EURUSD,1.0,2011-08-10 12:51:52,1.4302299999999999
50,CLOSE,SELL,EURUSD,1.0,2011-08-10 22:20:12,1.4146000000000001
51,OPEN,SELL,EURUSD,1.0,2011-08-11 01:48:26,1.421
51,CLOSE,SELL,EURUSD,1.0,2011-08-11 10:03:13,1.4171100000000001
52,OPEN,SELL,EURUSD,1.0,2011-08-11 11:42:13,1.41499
52,CLOSE,SELL,EURUSD,1.0,2011-08-11 13:00:36,1.4167099999999999
53,OPEN,SELL,EURUSD,1.0,2011-08-12 07:11:56,1.4159600000000001
53,CLOSE,SELL,EURUSD,1.0,2011-08-12 07:32:55,1.4179200000000001
54,OPEN,BUY,EURUSD,1.0,2011-08-15 12:55:01,1.43703
55,OPEN,BUY,EURUSD,1.0,2011-08-16 05:41:18,1.4416500000000001
55,CLOSE,BUY,EURUSD,1.0,2011-08-16 13:53:55,1.4389000000000001
54,CLOSE,BUY,EURUSD,1.0,2011-08-17 07:06:17,1.4350000000000001
56,OPEN,SELL,EURUSD,1.0,2011-08-17 07:07:00,1.4336199999999999
56,CLOSE,SELL,EURUSD,1.0,2011-08-17 07:27:32,1.4379999999999999
57,OPEN,BUY,EURUSD,1.0,2011-08-17 08:06:25,1.44041
57,CLOSE,BUY,EURUSD,1.0,2011-08-17 15:16:27,1.4432700000000001
58,OPEN,BUY,EURUSD,1.0,2011-08-17 15:36:51,1.44309
59,OPEN,BUY,EURUSD,1.0,2011-08-18 00:03:13,1.4414199999999999
58,CLOSE,BUY,EURUSD,1.0,2011-08-18 01:16:14,1.4399999999999999
59,CLOSE,BUY,EURUSD,1.0,2011-08-18 06:07:35,1.4390000000000001
60,OPEN,SELL,EURUSD,1.0,2011-08-18 14:50:48,1.43041
60,CLOSE,SELL,EURUSD,1.0,2011-08-19 00:14:43,1.43028
61,OPEN,SELL,EURUSD,1.0,2011-08-19 02:02:11,1.4314
62,OPEN,SELL,EURUSD,1.0,2011-08-19 08:26:22,1.4290400000000001
62,CLOSE,SELL,EURUSD,1.0,2011-08-19 08:27:31,1.4289799999999999
61,CLOSE,SELL,EURUSD,1.0,2011-08-19 09:03:48,1.4332400000000001
63,OPEN,SELL,EURUSD,1.0,2011-08-19 11:08:12,1.43119
63,CLOSE,SELL,EURUSD,1.0,2011-08-19 11:50:54,1.4357200000000001
64,OPEN,BUY,EURUSD,1.0,2011-08-19 12:07:17,1.4393499999999999
64,CLOSE,BUY,EURUSD,1.0,2011-08-19 13:52:08,1.44157
65,OPEN,BUY,EURUSD,1.0,2011-08-22 06:33:47,1.4355
65,CLOSE,BUY,EURUSD,1.0,2011-08-22 08:49:22,1.43987
66,OPEN,BUY,EURUSD,1.0,2011-08-23 07:30:05,1.44215
67,OPEN,BUY,EURUSD,1.0,2011-08-23 09:02:16,1.44455
67,CLOSE,BUY,EURUSD,1.0,2011-08-23 13:44:04,1.4394
66,CLOSE,BUY,EURUSD,1.0,2011-08-23 13:44:04,1.4394
68,OPEN,BUY,EURUSD,1.0,2011-08-24 08:28:39,1.44425
68,CLOSE,BUY,EURUSD,1.0,2011-08-24 10:06:57,1.4468099999999999
69,OPEN,BUY,EURUSD,1.0,2011-08-24 12:33:06,1.4468399999999999
69,CLOSE,BUY,EURUSD,1.0,2011-08-24 14:45:45,1.44347
70,OPEN,BUY,EURUSD,1.0,2011-08-25 07:08:39,1.4446000000000001
70,CLOSE,BUY,EURUSD,1.0,2011-08-25 09:05:01,1.44329
71,OPEN,BUY,EURUSD,1.0,2011-08-25 13:16:46,1.4458599999999999
71,CLOSE,BUY,EURUSD,1.0,2011-08-25 13:53:26,1.4418
72,OPEN,SELL,EURUSD,1.0,2011-08-25 22:49:05,1.4373
72,CLOSE,SELL,EURUSD,1.0,2011-08-26 00:44:27,1.4399999999999999
73,OPEN,BUY,EURUSD,1.0,2011-08-26 00:58:01,1.44164
73,CLOSE,BUY,EURUSD,1.0,2011-08-26 03:35:22,1.44103
74,OPEN,SELL,EURUSD,1.0,2011-08-26 05:40:35,1.4426000000000001
74,CLOSE,SELL,EURUSD,1.0,2011-08-26 08:31:22,1.4446699999999999
75,OPEN,BUY,EURUSD,1.0,2011-08-26 13:49:23,1.44411
75,CLOSE,BUY,EURUSD,1.0,2011-08-26 14:02:34,1.4399599999999999
76,OPEN,SELL,EURUSD,1.0,2011-08-26 14:46:57,1.4353
76,CLOSE,SELL,EURUSD,1.0,2011-08-26 15:45:37,1.4459200000000001
77,OPEN,BUY,EURUSD,1.0,2011-08-26 15:45:46,1.44709
77,CLOSE,BUY,EURUSD,1.0,2011-08-30 06:09:04,1.4514899999999999
78,OPEN,BUY,EURUSD,1.0,2011-08-30 08:33:18,1.4440599999999999
78,CLOSE,BUY,EURUSD,1.0,2011-08-30 09:46:08,1.4410799999999999
79,OPEN,SELL,EURUSD,1.0,2011-08-31 15:47:35,1.44093
79,CLOSE,SELL,EURUSD,1.0,2011-08-31 19:03:53,1.43777
80,OPEN,SELL,EURUSD,1.0,2011-09-01 07:16:58,1.4323600000000001
80,CLOSE,SELL,EURUSD,1.0,2011-09-01 22:39:28,1.4262300000000001
81,OPEN,BUY,EURUSD,1.0,2011-09-06 04:59:11,1.40595
81,CLOSE,BUY,EURUSD,1.0,2011-09-06 08:02:11,1.413
82,OPEN,SELL,EURUSD,1.0,2011-09-06 08:02:27,1.4178999999999999
82,CLOSE,SELL,EURUSD,1.0,2011-09-06 08:02:46,1.4278999999999999
83,OPEN,SELL,EURUSD,1.0,2011-09-06 09:32:54,1.4211
83,CLOSE,SELL,EURUSD,1.0,2011-09-06 10:12:05,1.4175
84,OPEN,BUY,EURUSD,1.0,2011-09-06 11:49:25,1.4133100000000001
84,CLOSE,BUY,EURUSD,1.0,2011-09-06 22:27:34,1.40011
85,OPEN,SELL,EURUSD,1.0,2011-09-07 06:04:52,1.40595
86,OPEN,SELL,EURUSD,1.0,2011-09-07 06:38:15,1.40716
86,CLOSE,SELL,EURUSD,1.0,2011-09-07 08:49:17,1.4088000000000001
85,CLOSE,SELL,EURUSD,1.0,2011-09-07 08:49:21,1.4088799999999999
87,OPEN,SELL,EURUSD,1.0,2011-09-07 09:08:53,1.41001
87,CLOSE,SELL,EURUSD,1.0,2011-09-07 10:43:01,1.4044399999999999
88,OPEN,SELL,EURUSD,1.0,2011-09-08 12:35:08,1.40056
88,CLOSE,SELL,EURUSD,1.0,2011-09-08 13:20:02,1.3995599999999999
89,OPEN,BUY,EURUSD,1.0,2011-09-12 02:19:19,1.35867
89,CLOSE,BUY,EURUSD,1.0,2011-09-12 09:49:10,1.3640000000000001
90,OPEN,SELL,EURUSD,1.0,2011-09-15 10:00:41,1.38097
90,CLOSE,SELL,EURUSD,1.0,2011-09-15 12:37:45,1.3796200000000001
91,OPEN,BUY,EURUSD,1.0,2011-09-15 13:06:25,1.385
91,CLOSE,BUY,EURUSD,1.0,2011-09-15 13:10:42,1.38595
92,OPEN,SELL,EURUSD,1.0,2011-09-15 13:30:17,1.38852
92,CLOSE,SELL,EURUSD,1.0,2011-09-15 21:57:16,1.3883799999999999
93,OPEN,SELL,EURUSD,1.0,2011-09-22 17:34:59,1.3477600000000001
93,CLOSE,SELL,EURUSD,1.0,2011-09-22 19:25:21,1.3440099999999999
94,OPEN,SELL,EURUSD,1.0,2011-09-26 08:55:30,1.3456900000000001
94,CLOSE,SELL,EURUSD,1.0,2011-09-26 09:41:24,1.34551
95,OPEN,SELL,EURUSD,1.0,2011-09-30 07:10:04,1.34938
95,CLOSE,SELL,EURUSD,1.0,2011-09-30 12:17:08,1.35036
96,OPEN,SELL,EURUSD,1.0,2011-10-03 18:18:53,1.32382
96,CLOSE,SELL,EURUSD,1.0,2011-10-03 19:25:48,1.3207500000000001
97,OPEN,SELL,EURUSD,1.0,2011-10-04 16:09:28,1.3304499999999999
97,CLOSE,SELL,EURUSD,1.0,2011-10-04 16:42:19,1.32918
98,OPEN,BUY,EURUSD,1.0,2011-10-07 07:22:54,1.34636
98,CLOSE,BUY,EURUSD,1.0,2011-10-07 07:49:07,1.34405
99,OPEN,SELL,EURUSD,1.0,2011-10-10 01:37:33,1.3459000000000001
100,OPEN,SELL,EURUSD,1.0,2011-10-10 14:08:04,1.3655299999999999
100,CLOSE,SELL,EURUSD,1.0,2011-10-10 22:42:15,1.3632899999999999
99,CLOSE,SELL,EURUSD,1.0,2011-10-11 01:02:18,1.36277
101,OPEN,BUY,EURUSD,1.0,2011-10-11 08:56:08,1.35995
101,CLOSE,BUY,EURUSD,1.0,2011-10-11 09:17:24,1.3599000000000001
102,OPEN,BUY,EURUSD,1.0,2011-10-11 10:28:46,1.35975
102,CLOSE,BUY,EURUSD,1.0,2011-10-11 15:58:40,1.36585
103,OPEN,BUY,EURUSD,1.0,2011-10-12 08:15:59,1.3728199999999999
103,CLOSE,BUY,EURUSD,1.0,2011-10-12 08:21:18,1.3737999999999999
104,OPEN,BUY,EURUSD,1.0,2011-10-13 07:27:46,1.3819300000000001
104,CLOSE,BUY,EURUSD,1.0,2011-10-13 08:05:47,1.37923
105,OPEN,SELL,EURUSD,1.0,2011-10-13 09:34:00,1.3734500000000001
105,CLOSE,SELL,EURUSD,1.0,2011-10-13 10:06:28,1.3721099999999999
106,OPEN,SELL,EURUSD,1.0,2011-10-14 05:57:31,1.3785000000000001
106,CLOSE,SELL,EURUSD,1.0,2011-10-14 08:32:56,1.3808199999999999
107,OPEN,BUY,EURUSD,1.0,2011-10-14 13:15:06,1.38507
107,CLOSE,BUY,EURUSD,1.0,2011-10-14 14:31:03,1.38727
108,OPEN,SELL,EURUSD,1.0,2011-10-25 12:03:39,1.3913
108,CLOSE,SELL,EURUSD,1.0,2011-10-25 12:26:54,1.3915900000000001
109,OPEN,BUY,EURUSD,1.0,2011-10-27 03:00:14,1.39581
109,CLOSE,BUY,EURUSD,1.0,2011-10-27 04:30:33,1.3968100000000001
110,OPEN,BUY,EURUSD,1.0,2011-10-28 07:42:16,1.4167400000000001
110,CLOSE,BUY,EURUSD,1.0,2011-10-28 08:41:04,1.41822
111,OPEN,BUY,EURUSD,1.0,2011-10-28 10:26:26,1.4150499999999999
111,CLOSE,BUY,EURUSD,1.0,2011-10-28 12:32:40,1.41679
112,OPEN,BUY,EURUSD,1.0,2011-10-30 23:43:13,1.4146399999999999
112,CLOSE,BUY,EURUSD,1.0,2011-10-31 02:19:00,1.4079200000000001
113,OPEN,BUY,EURUSD,1.0,2011-11-01 12:40:36,1.3656900000000001
114,OPEN,BUY,EURUSD,1.0,2011-11-01 12:42:23,1.3649100000000001
115,OPEN,BUY,EURUSD,1.0,2011-11-01 13:14:55,1.36277
115,CLOSE,BUY,EURUSD,1.0,2011-11-01 14:27:11,1.3674900000000001
113,CLOSE,BUY,EURUSD,1.0,2011-11-01 14:28:52,1.3681000000000001
114,CLOSE,BUY,EURUSD,1.0,2011-11-01 14:28:52,1.3681000000000001
116,OPEN,BUY,EURUSD,1.0,2011-11-02 13:35:53,1.3827700000000001
116,CLOSE,BUY,EURUSD,1.0,2011-11-02 16:16:24,1.377
117,OPEN,SELL,EURUSD,1.0,2011-11-04 12:46:23,1.38212
118,OPEN,SELL,EURUSD,1.0,2011-11-04 14:10:35,1.37354
117,CLOSE,SELL,EURUSD,1.0,2011-11-04 15:28:01,1.3740399999999999
118,CLOSE,SELL,EURUSD,1.0,2011-11-04 15:46:51,1.3761699999999999
119,OPEN,SELL,EURUSD,1.0,2011-11-08 08:00:55,1.37262
119,CLOSE,SELL,EURUSD,1.0,2011-11-08 08:09:08,1.37469
120,OPEN,SELL,EURUSD,1.0,2011-11-09 09:06:59,1.37676
121,OPEN,SELL,EURUSD,1.0,2011-11-09 09:10:56,1.3759600000000001
122,OPEN,SELL,EURUSD,1.0,2011-11-09 09:12:50,1.37571
120,CLOSE,SELL,EURUSD,1.0,2011-11-09 09:45:18,1.3720399999999999
121,CLOSE,SELL,EURUSD,1.0,2011-11-09 10:40:19,1.3667
122,CLOSE,SELL,EURUSD,1.0,2011-11-09 12:02:00,1.3626100000000001
123,OPEN,BUY,EURUSD,1.0,2011-11-09 14:46:44,1.3560000000000001
123,CLOSE,BUY,EURUSD,1.0,2011-11-09 15:52:31,1.3593
124,OPEN,BUY,EURUSD,1.0,2011-11-09 22:03:43,1.35422
125,OPEN,BUY,EURUSD,1.0,2011-11-10 00:29:30,1.3520799999999999
125,CLOSE,BUY,EURUSD,1.0,2011-11-10 01:48:48,1.35395
124,CLOSE,BUY,EURUSD,1.0,2011-11-10 01:51:04,1.3543400000000001
126,OPEN,SELL,EURUSD,1.0,2011-11-10 09:49:43,1.361
126,CLOSE,SELL,EURUSD,1.0,2011-11-10 10:41:24,1.357
127,OPEN,SELL,EURUSD,1.0,2011-11-11 11:38:12,1.3642099999999999
128,OPEN,SELL,EURUSD,1.0,2011-11-11 14:12:13,1.3678399999999999
128,CLOSE,SELL,EURUSD,1.0,2011-11-11 15:35:37,1.37195
127,CLOSE,SELL,EURUSD,1.0,2011-11-11 15:35:41,1.3717299999999999
129,OPEN,SELL,EURUSD,1.0,2011-11-14 09:23:58,1.3690800000000001
129,CLOSE,SELL,EURUSD,1.0,2011-11-14 09:55:59,1.3696200000000001
130,OPEN,BUY,EURUSD,1.0,2011-11-14 10:06:42,1.3684700000000001
130,CLOSE,BUY,EURUSD,1.0,2011-11-14 10:59:52,1.3696699999999999
131,OPEN,BUY,EURUSD,1.0,2011-11-14 14:17:03,1.36374
132,OPEN,BUY,EURUSD,1.0,2011-11-14 15:25:38,1.3623000000000001
132,CLOSE,BUY,EURUSD,1.0,2011-11-14 15:51:51,1.3634500000000001
131,CLOSE,BUY,EURUSD,1.0,2011-11-14 16:09:51,1.36408
133,OPEN,SELL,EURUSD,1.0,2011-11-15 08:49:03,1.3570899999999999
133,CLOSE,SELL,EURUSD,1.0,2011-11-15 08:52:40,1.35877
134,OPEN,BUY,EURUSD,1.0,2011-11-16 02:04:30,1.3474999999999999
134,CLOSE,BUY,EURUSD,1.0,2011-11-16 08:21:45,1.349
135,OPEN,SELL,EURUSD,1.0,2011-11-16 08:46:10,1.35318
135,CLOSE,SELL,EURUSD,1.0,2011-11-16 08:51:01,1.35303
136,OPEN,SELL,EURUSD,1.0,2011-11-16 09:12:18,1.3541000000000001
136,CLOSE,SELL,EURUSD,1.0,2011-11-16 09:14:03,1.35364
137,OPEN,BUY,EURUSD,1.0,2011-11-18 02:23:13,1.3482799999999999
137,CLOSE,BUY,EURUSD,1.0,2011-11-18 02:27:41,1.3482700000000001
138,OPEN,SELL,EURUSD,1.0,2011-11-18 05:16:35,1.3469500000000001
138,CLOSE,SELL,EURUSD,1.0,2011-11-18 07:27:18,1.3514299999999999
139,OPEN,SELL,EURUSD,1.0,2011-11-21 07:50:04,1.34893
140,OPEN,SELL,EURUSD,1.0,2011-11-21 07:51:27,1.3492500000000001
140,CLOSE,SELL,EURUSD,1.0,2011-11-21 08:02:14,1.3476900000000001
139,CLOSE,SELL,EURUSD,1.0,2011-11-21 08:02:18,1.3477399999999999
141,OPEN,SELL,EURUSD,1.0,2011-11-22 10:39:01,1.35382
141,CLOSE,SELL,EURUSD,1.0,2011-11-22 10:55:57,1.3535900000000001
142,OPEN,SELL,EURUSD,1.0,2011-11-22 11:02:19,1.35398
142,CLOSE,SELL,EURUSD,1.0,2011-11-22 13:28:30,1.3532500000000001
143,OPEN,SELL,EURUSD,1.0,2011-11-23 10:12:15,1.3421000000000001
143,CLOSE,SELL,EURUSD,1.0,2011-11-23 10:16:04,1.33978
144,OPEN,SELL,EURUSD,1.0,2011-11-23 10:19:28,1.33951
145,OPEN,SELL,EURUSD,1.0,2011-11-23 10:20:55,1.33982
146,OPEN,SELL,EURUSD,1.0,2011-11-23 12:16:42,1.3394200000000001
146,CLOSE,SELL,EURUSD,1.0,2011-11-23 15:02:43,1.3368899999999999
145,CLOSE,SELL,EURUSD,1.0,2011-11-23 15:03:35,1.3366400000000001
144,CLOSE,SELL,EURUSD,1.0,2011-11-23 15:45:17,1.33589
147,OPEN,BUY,EURUSD,1.0,2011-11-24 11:39:03,1.3382400000000001
147,CLOSE,BUY,EURUSD,1.0,2011-11-24 11:47:31,1.3384199999999999
148,OPEN,SELL,EURUSD,1.0,2011-11-25 09:04:41,1.3268800000000001
148,CLOSE,SELL,EURUSD,1.0,2011-11-25 09:10:17,1.3261099999999999
149,OPEN,SELL,EURUSD,1.0,2011-11-27 23:28:55,1.3317600000000001
150,OPEN,SELL,EURUSD,1.0,2011-11-27 23:32:53,1.33222
150,CLOSE,SELL,EURUSD,1.0,2011-11-28 01:06:55,1.3309599999999999
149,CLOSE,SELL,EURUSD,1.0,2011-11-28 01:20:07,1.33168
151,OPEN,SELL,EURUSD,1.0,2011-11-28 02:01:19,1.3315900000000001
151,CLOSE,SELL,EURUSD,1.0,2011-11-28 03:20:34,1.33097
152,OPEN,SELL,EURUSD,1.0,2011-11-28 04:15:44,1.3278000000000001
152,CLOSE,SELL,EURUSD,1.0,2011-11-28 05:53:47,1.3302799999999999
153,OPEN,SELL,EURUSD,1.0,2011-11-29 08:02:11,1.33325
153,CLOSE,SELL,EURUSD,1.0,2011-11-29 08:17:05,1.3330299999999999
154,OPEN,SELL,EURUSD,1.0,2011-11-29 08:40:51,1.33246
154,CLOSE,SELL,EURUSD,1.0,2011-11-29 08:51:19,1.3322700000000001
155,OPEN,BUY,EURUSD,1.0,2011-11-29 10:14:21,1.33866
155,CLOSE,BUY,EURUSD,1.0,2011-11-29 10:15:43,1.3397600000000001
156,OPEN,BUY,EURUSD,1.0,2011-11-29 11:23:59,1.3401700000000001
156,CLOSE,BUY,EURUSD,1.0,2011-11-29 11:43:32,1.3388199999999999
157,OPEN,SELL,EURUSD,1.0,2011-11-30 06:57:02,1.3301499999999999
157,CLOSE,SELL,EURUSD,1.0,2011-11-30 07:04:56,1.32952
158,OPEN,SELL,EURUSD,1.0,2011-11-30 07:16:09,1.3266199999999999
159,OPEN,SELL,EURUSD,1.0,2011-11-30 07:17:31,1.3266899999999999
160,OPEN,SELL,EURUSD,1.0,2011-11-30 07:18:22,1.3263199999999999
161,OPEN,SELL,EURUSD,1.0,2011-11-30 07:20:09,1.32623
158,CLOSE,SELL,EURUSD,1.0,2011-11-30 09:08:19,1.3290599999999999
159,CLOSE,SELL,EURUSD,1.0,2011-11-30 09:08:23,1.32908
160,CLOSE,SELL,EURUSD,1.0,2011-11-30 09:08:27,1.3290599999999999
161,CLOSE,SELL,EURUSD,1.0,2011-11-30 09:08:30,1.3291500000000001
162,OPEN,BUY,EURUSD,1.0,2011-11-30 13:12:16,1.34301
163,OPEN,BUY,EURUSD,1.0,2011-11-30 13:23:20,1.3426100000000001
164,OPEN,BUY,EURUSD,1.0,2011-11-30 14:03:12,1.35103
164,CLOSE,BUY,EURUSD,1.0,2011-11-30 14:06:48,1.35127
165,OPEN,BUY,EURUSD,1.0,2011-11-30 14:10:09,1.3498699999999999
165,CLOSE,BUY,EURUSD,1.0,2011-11-30 14:16:43,1.3506199999999999
166,OPEN,BUY,EURUSD,1.0,2011-11-30 14:23:38,1.34938
167,OPEN,BUY,EURUSD,1.0,2011-11-30 14:32:49,1.3481000000000001
162,CLOSE,BUY,EURUSD,1.0,2011-12-01 02:39:25,1.3435699999999999
163,CLOSE,BUY,EURUSD,1.0,2011-12-01 02:39:33,1.34365
168,OPEN,BUY,EURUSD,1.0,2011-12-01 09:31:02,1.3471
168,CLOSE,BUY,EURUSD,1.0,2011-12-01 09:38:17,1.3471
167,CLOSE,BUY,EURUSD,1.0,2011-12-01 09:41:38,1.3470500000000001
166,CLOSE,BUY,EURUSD,1.0,2011-12-01 09:49:46,1.3485499999999999
169,OPEN,BUY,EURUSD,1.0,2011-12-01 13:18:40,1.35094
169,CLOSE,BUY,EURUSD,1.0,2011-12-01 13:22:30,1.3514600000000001
170,OPEN,SELL,EURUSD,1.0,2011-12-01 15:33:46,1.3485100000000001
170,CLOSE,SELL,EURUSD,1.0,2011-12-01 15:35:56,1.34745
171,OPEN,SELL,EURUSD,1.0,2011-12-01 16:08:07,1.3475299999999999
171,CLOSE,SELL,EURUSD,1.0,2011-12-01 16:18:11,1.3467199999999999
172,OPEN,BUY,EURUSD,1.0,2011-12-02 08:00:36,1.34842
172,CLOSE,BUY,EURUSD,1.0,2011-12-02 08:06:07,1.34857
173,OPEN,BUY,EURUSD,1.0,2011-12-02 09:18:30,1.34918
173,CLOSE,BUY,EURUSD,1.0,2011-12-02 09:35:11,1.3479300000000001
174,OPEN,BUY,EURUSD,1.0,2011-12-02 12:38:55,1.35351
175,OPEN,BUY,EURUSD,1.0,2011-12-02 12:39:37,1.35317
176,OPEN,BUY,EURUSD,1.0,2011-12-02 13:19:59,1.35219
177,OPEN,BUY,EURUSD,1.0,2011-12-02 13:20:23,1.35242
177,CLOSE,BUY,EURUSD,1.0,2011-12-02 13:36:26,1.3499399999999999
176,CLOSE,BUY,EURUSD,1.0,2011-12-02 13:36:31,1.3499099999999999
175,CLOSE,BUY,EURUSD,1.0,2011-12-02 13:36:43,1.34998
174,CLOSE,BUY,EURUSD,1.0,2011-12-02 13:36:47,1.3499699999999999
178,OPEN,SELL,EURUSD,1.0,2011-12-06 07:14:26,1.3353999999999999
179,OPEN,SELL,EURUSD,1.0,2011-12-06 07:15:03,1.3358099999999999
179,CLOSE,SELL,EURUSD,1.0,2011-12-06 07:24:29,1.33534
178,CLOSE,SELL,EURUSD,1.0,2011-12-06 07:24:34,1.33527
180,OPEN,SELL,EURUSD,1.0,2011-12-06 07:34:11,1.3342000000000001
181,OPEN,SELL,EURUSD,1.0,2011-12-06 07:40:41,1.3347100000000001
181,CLOSE,SELL,EURUSD,1.0,2011-12-06 08:09:53,1.33426
180,CLOSE,SELL,EURUSD,1.0,2011-12-06 08:19:40,1.3354900000000001
182,OPEN,BUY,EURUSD,1.0,2011-12-08 12:59:21,1.34195
182,CLOSE,BUY,EURUSD,1.0,2011-12-08 13:58:08,1.3380000000000001
183,OPEN,BUY,EURUSD,1.0,2011-12-14 12:15:11,1.3004199999999999
183,CLOSE,BUY,EURUSD,1.0,2011-12-15 06:48:12,1.2988500000000001
184,OPEN,SELL,EURUSD,1.0,2011-12-23 13:15:33,1.30568
184,CLOSE,SELL,EURUSD,1.0,2011-12-23 14:11:34,1.3048299999999999
185,OPEN,SELL,EURUSD,1.0,2011-12-29 17:03:13,1.2955000000000001
186,OPEN,SELL,EURUSD,1.0,2011-12-29 17:03:43,1.29541
187,OPEN,SELL,EURUSD,1.0,2011-12-29 21:16:01,1.2960199999999999
188,OPEN,SELL,EURUSD,1.0,2011-12-29 22:10:50,1.2959000000000001
188,CLOSE,SELL,EURUSD,1.0,2011-12-29 23:15:17,1.2954300000000001
187,CLOSE,SELL,EURUSD,1.0,2011-12-29 23:15:20,1.2954300000000001
189,OPEN,SELL,EURUSD,1.0,2011-12-30 00:05:32,1.2951699999999999
190,OPEN,SELL,EURUSD,1.0,2011-12-30 00:50:58,1.2953699999999999
185,CLOSE,SELL,EURUSD,1.0,2011-12-30 08:43:04,1.2905
186,CLOSE,SELL,EURUSD,1.0,2011-12-30 08:43:04,1.2905
190,CLOSE,SELL,EURUSD,1.0,2011-12-30 11:44:43,1.2927
189,CLOSE,SELL,EURUSD,1.0,2011-12-30 11:50:41,1.2932999999999999
191,OPEN,BUY,EURUSD,1.0,2012-01-04 08:09:40,1.3063100000000001
192,OPEN,BUY,EURUSD,1.0,2012-01-04 08:12:40,1.3064
193,OPEN,BUY,EURUSD,1.0,2012-01-04 08:25:34,1.30623
194,OPEN,BUY,EURUSD,1.0,2012-01-04 08:26:52,1.3061400000000001
194,CLOSE,BUY,EURUSD,1.0,2012-01-04 08:55:49,1.3035300000000001
193,CLOSE,BUY,EURUSD,1.0,2012-01-04 08:55:52,1.3035099999999999
192,CLOSE,BUY,EURUSD,1.0,2012-01-04 08:55:56,1.30352
191,CLOSE,BUY,EURUSD,1.0,2012-01-04 08:55:59,1.3035699999999999
195,OPEN,SELL,EURUSD,1.0,2012-01-09 08:35:37,1.2764
196,OPEN,SELL,EURUSD,1.0,2012-01-09 08:36:19,1.2766999999999999
197,OPEN,SELL,EURUSD,1.0,2012-01-09 08:37:06,1.2768999999999999
198,OPEN,SELL,EURUSD,1.0,2012-01-09 08:37:56,1.2765500000000001
198,CLOSE,SELL,EURUSD,1.0,2012-01-11 04:57:44,1.2744500000000001
197,CLOSE,SELL,EURUSD,1.0,2012-01-11 04:57:48,1.2744200000000001
196,CLOSE,SELL,EURUSD,1.0,2012-01-11 10:31:57,1.2754399999999999
195,CLOSE,SELL,EURUSD,1.0,2012-01-11 10:32:41,1.27542
199,OPEN,SELL,EURUSD,1.0,2012-01-13 08:21:43,1.28644
199,CLOSE,SELL,EURUSD,1.0,2012-01-13 09:24:49,1.2838799999999999
200,OPEN,BUY,EURUSD,1.0,2012-01-13 14:09:03,1.27199
201,OPEN,BUY,EURUSD,1.0,2012-01-13 14:10:42,1.2712699999999999
202,OPEN,BUY,EURUSD,1.0,2012-01-13 14:11:50,1.27047
203,OPEN,BUY,EURUSD,1.0,2012-01-13 14:51:43,1.2683
202,CLOSE,BUY,EURUSD,1.0,2012-01-13 20:35:04,1.26769
201,CLOSE,BUY,EURUSD,1.0,2012-01-13 20:35:10,1.26769
203,CLOSE,BUY,EURUSD,1.0,2012-01-13 20:36:12,1.26769
200,CLOSE,BUY,EURUSD,1.0,2012-01-13 20:36:21,1.2676400000000001
204,OPEN,SELL,EURUSD,1.0,2012-01-17 02:49:50,1.2725
205,OPEN,SELL,EURUSD,1.0,2012-01-17 02:52:42,1.2729699999999999
206,OPEN,SELL,EURUSD,1.0,2012-01-17 03:05:47,1.27285
207,OPEN,SELL,EURUSD,1.0,2012-01-17 03:10:56,1.2731399999999999
204,CLOSE,SELL,EURUSD,1.0,2012-01-17 14:27:36,1.272
205,CLOSE,SELL,EURUSD,1.0,2012-01-17 14:27:36,1.272
207,CLOSE,SELL,EURUSD,1.0,2012-01-17 14:41:49,1.27189
206,CLOSE,SELL,EURUSD,1.0,2012-01-17 14:41:53,1.2718700000000001
208,OPEN,SELL,EURUSD,1.0,2012-01-18 22:53:44,1.2851999999999999
209,OPEN,SELL,EURUSD,1.0,2012-01-19 03:29:19,1.28729
210,OPEN,SELL,EURUSD,1.0,2012-01-19 12:38:47,1.2907599999999999
211,OPEN,SELL,EURUSD,1.0,2012-01-19 12:53:16,1.2925
211,CLOSE,SELL,EURUSD,1.0,2012-01-20 14:12:35,1.2917799999999999
210,CLOSE,SELL,EURUSD,1.0,2012-01-20 14:12:39,1.2918099999999999
209,CLOSE,SELL,EURUSD,1.0,2012-01-20 14:15:58,1.2923899999999999
208,CLOSE,SELL,EURUSD,1.0,2012-01-20 14:16:02,1.2924
212,OPEN,SELL,EURUSD,1.0,2012-01-23 10:56:31,1.2970299999999999
213,OPEN,SELL,EURUSD,1.0,2012-01-23 10:58:12,1.2971600000000001
214,OPEN,SELL,EURUSD,1.0,2012-01-23 10:59:32,1.2975399999999999
215,OPEN,SELL,EURUSD,1.0,2012-01-23 11:00:35,1.2977000000000001
215,CLOSE,SELL,EURUSD,1.0,2012-01-24 09:09:20,1.3047200000000001
214,CLOSE,SELL,EURUSD,1.0,2012-01-24 09:09:24,1.3046800000000001
213,CLOSE,SELL,EURUSD,1.0,2012-01-24 09:09:35,1.3042800000000001
212,CLOSE,SELL,EURUSD,1.0,2012-01-24 09:09:38,1.3042400000000001
216,OPEN,BUY,EURUSD,1.0,2012-01-27 00:16:31,1.30887
217,OPEN,BUY,EURUSD,1.0,2012-01-27 00:25:37,1.3085899999999999
218,OPEN,BUY,EURUSD,1.0,2012-01-27 00:26:14,1.3083
219,OPEN,BUY,EURUSD,1.0,2012-01-27 00:27:36,1.30836
219,CLOSE,BUY,EURUSD,1.0,2012-01-27 07:01:01,1.3109
217,CLOSE,BUY,EURUSD,1.0,2012-01-27 07:01:49,1.31081
218,CLOSE,BUY,EURUSD,1.0,2012-01-27 09:57:03,1.3126599999999999
216,CLOSE,BUY,EURUSD,1.0,2012-01-27 10:05:37,1.3140000000000001
220,OPEN,SELL,EURUSD,1.0,2012-01-31 10:25:28,1.31826
220,CLOSE,SELL,EURUSD,1.0,2012-01-31 13:09:27,1.3175600000000001
221,OPEN,BUY,EURUSD,1.0,2012-02-09 13:16:59,1.3296399999999999
221,CLOSE,BUY,EURUSD,1.0,2012-02-09 13:40:09,1.3258799999999999
222,OPEN,BUY,EURUSD,1.0,2012-02-16 07:01:48,1.2998700000000001
222,CLOSE,BUY,EURUSD,1.0,2012-02-16 15:05:31,1.30392
223,OPEN,SELL,EURUSD,1.0,2012-02-17 13:39:16,1.31728
223,CLOSE,SELL,EURUSD,1.0,2012-02-17 17:54:00,1.31541
224,OPEN,SELL,EURUSD,1.0,2012-02-19 22:00:08,1.3177099999999999
225,OPEN,SELL,EURUSD,1.0,2012-02-20 11:53:56,1.3268200000000001
226,OPEN,SELL,EURUSD,1.0,2012-02-20 11:54:53,1.3268
226,CLOSE,SELL,EURUSD,1.0,2012-02-20 23:59:27,1.32067
225,CLOSE,SELL,EURUSD,1.0,2012-02-21 02:51:08,1.32473
224,CLOSE,SELL,EURUSD,1.0,2012-02-21 02:51:59,1.3253600000000001
227,OPEN,BUY,EURUSD,1.0,2012-02-21 03:12:35,1.32911
227,CLOSE,BUY,EURUSD,1.0,2012-02-21 07:23:00,1.32525
228,OPEN,SELL,EURUSD,1.0,2012-02-24 12:00:46,1.3411900000000001
229,OPEN,SELL,EURUSD,1.0,2012-02-24 18:49:15,1.34649
229,CLOSE,SELL,EURUSD,1.0,2012-02-27 10:21:19,1.3419399999999999
228,CLOSE,SELL,EURUSD,1.0,2012-02-27 10:25:26,1.3414600000000001
230,OPEN,BUY,EURUSD,1.0,2012-02-27 12:30:14,1.3392200000000001
230,CLOSE,BUY,EURUSD,1.0,2012-02-27 15:45:05,1.3412999999999999
231,OPEN,BUY,EURUSD,1.0,2012-03-01 14:00:11,1.32927
231,CLOSE,BUY,EURUSD,1.0,2012-03-01 20:17:22,1.33134
232,OPEN,BUY,EURUSD,1.0,2012-03-02 15:04:10,1.319
232,CLOSE,BUY,EURUSD,1.0,2012-03-05 07:08:44,1.32026
233,OPEN,BUY,EURUSD,1.0,2012-03-05 09:09:03,1.3174600000000001
233,CLOSE,BUY,EURUSD,1.0,2012-03-05 12:31:54,1.3202400000000001
234,OPEN,SELL,EURUSD,1.0,2012-03-08 09:33:01,1.32003
235,OPEN,SELL,EURUSD,1.0,2012-03-08 11:50:14,1.32362
236,OPEN,SELL,EURUSD,1.0,2012-03-08 12:16:30,1.3244100000000001
236,CLOSE,SELL,EURUSD,1.0,2012-03-09 06:29:10,1.3235399999999999
235,CLOSE,SELL,EURUSD,1.0,2012-03-09 07:53:29,1.32237
234,CLOSE,SELL,EURUSD,1.0,2012-03-09 08:01:28,1.3219799999999999
237,OPEN,BUY,EURUSD,1.0,2012-03-09 13:51:54,1.3139700000000001
237,CLOSE,BUY,EURUSD,1.0,2012-03-12 01:27:28,1.3086899999999999
238,OPEN,SELL,EURUSD,1.0,2012-03-14 05:49:42,1.3052299999999999
238,CLOSE,SELL,EURUSD,1.0,2012-03-14 11:01:29,1.3080000000000001
239,OPEN,BUY,EURUSD,1.0,2012-03-16 10:53:03,1.3055699999999999
239,CLOSE,BUY,EURUSD,1.0,2012-03-16 11:07:08,1.3066800000000001
240,OPEN,SELL,EURUSD,1.0,2012-03-21 15:05:20,1.3188899999999999
240,CLOSE,SELL,EURUSD,1.0,2012-03-21 16:09:44,1.32019
241,OPEN,SELL,EURUSD,1.0,2012-03-22 08:31:49,1.3162400000000001
241,CLOSE,SELL,EURUSD,1.0,2012-03-22 16:01:45,1.3200000000000001
242,OPEN,BUY,EURUSD,1.0,2012-03-23 09:23:51,1.32677
242,CLOSE,BUY,EURUSD,1.0,2012-03-26 06:29:41,1.32538
243,OPEN,SELL,EURUSD,1.0,2012-03-26 08:42:33,1.3207500000000001
243,CLOSE,SELL,EURUSD,1.0,2012-03-26 11:08:16,1.3247
244,OPEN,BUY,EURUSD,1.0,2012-03-30 00:45:25,1.33334
244,CLOSE,BUY,EURUSD,1.0,2012-03-30 13:00:53,1.33386
245,OPEN,BUY,EURUSD,1.0,2012-04-02 07:40:06,1.33683
245,CLOSE,BUY,EURUSD,1.0,2012-04-02 12:07:35,1.3320000000000001
246,OPEN,SELL,EURUSD,1.0,2012-04-03 22:49:35,1.32233
246,CLOSE,SELL,EURUSD,1.0,2012-04-04 11:12:18,1.31589
247,OPEN,BUY,EURUSD,1.0,2012-04-05 09:32:41,1.3090999999999999
248,OPEN,BUY,EURUSD,1.0,2012-04-05 10:06:50,1.3062100000000001
248,CLOSE,BUY,EURUSD,1.0,2012-04-06 06:11:25,1.3072600000000001
247,CLOSE,BUY,EURUSD,1.0,2012-04-06 12:32:21,1.3100000000000001
249,OPEN,SELL,EURUSD,1.0,2012-04-16 20:49:47,1.3141799999999999
249,CLOSE,SELL,EURUSD,1.0,2012-04-17 06:31:58,1.3098700000000001
250,OPEN,BUY,EURUSD,1.0,2012-04-20 05:48:38,1.3165100000000001
250,CLOSE,BUY,EURUSD,1.0,2012-04-20 06:44:47,1.31456
251,OPEN,BUY,EURUSD,1.0,2012-04-20 08:01:17,1.3176300000000001
252,OPEN,BUY,EURUSD,1.0,2012-04-20 08:04:07,1.31673
252,CLOSE,BUY,EURUSD,1.0,2012-04-20 09:05:50,1.31525
251,CLOSE,BUY,EURUSD,1.0,2012-04-20 09:23:02,1.3156600000000001
253,OPEN,SELL,EURUSD,1.0,2012-04-25 11:33:31,1.3203800000000001
253,CLOSE,SELL,EURUSD,1.0,2012-04-25 16:33:07,1.3199700000000001
254,OPEN,SELL,EURUSD,1.0,2012-05-02 07:43:22,1.32039
255,OPEN,SELL,EURUSD,1.0,2012-05-02 07:45:13,1.3193299999999999
254,CLOSE,SELL,EURUSD,1.0,2012-05-02 09:26:39,1.3143
256,OPEN,SELL,EURUSD,1.0,2012-05-02 14:20:35,1.3152600000000001
256,CLOSE,SELL,EURUSD,1.0,2012-05-03 02:10:23,1.3139099999999999
255,CLOSE,SELL,EURUSD,1.0,2012-05-03 05:18:01,1.3146899999999999
257,OPEN,SELL,EURUSD,1.0,2012-05-04 15:23:57,1.3102499999999999
257,CLOSE,SELL,EURUSD,1.0,2012-05-04 15:45:56,1.30894
258,OPEN,SELL,EURUSD,1.0,2012-05-07 13:20:18,1.30453
259,OPEN,SELL,EURUSD,1.0,2012-05-07 13:27:55,1.3053999999999999
259,CLOSE,SELL,EURUSD,1.0,2012-05-07 13:55:57,1.3044500000000001
258,CLOSE,SELL,EURUSD,1.0,2012-05-08 03:20:06,1.30314
260,OPEN,SELL,EURUSD,1.0,2012-05-20 21:02:19,1.2765299999999999
261,OPEN,SELL,EURUSD,1.0,2012-05-21 01:36:59,1.28085
261,CLOSE,SELL,EURUSD,1.0,2012-05-21 03:40:47,1.2795099999999999
260,CLOSE,SELL,EURUSD,1.0,2012-05-21 11:44:32,1.2765
262,OPEN,SELL,EURUSD,1.0,2012-05-22 09:05:51,1.2760199999999999
262,CLOSE,SELL,EURUSD,1.0,2012-05-22 09:39:51,1.27579
263,OPEN,BUY,EURUSD,1.0,2012-05-22 21:31:35,1.2677700000000001
264,OPEN,BUY,EURUSD,1.0,2012-05-23 00:23:25,1.2661100000000001
264,CLOSE,BUY,EURUSD,1.0,2012-05-23 12:34:22,1.2657400000000001
263,CLOSE,BUY,EURUSD,1.0,2012-05-23 12:36:08,1.2654000000000001
265,OPEN,SELL,EURUSD,1.0,2012-05-24 07:44:54,1.2544900000000001
265,CLOSE,SELL,EURUSD,1.0,2012-05-24 07:57:48,1.2541899999999999
266,OPEN,BUY,EURUSD,1.0,2012-05-24 19:15:40,1.2525599999999999
266,CLOSE,BUY,EURUSD,1.0,2012-05-24 19:31:19,1.2541199999999999
267,OPEN,SELL,EURUSD,1.0,2012-05-25 12:29:41,1.2523299999999999
267,CLOSE,SELL,EURUSD,1.0,2012-05-25 12:36:14,1.25088
268,OPEN,SELL,EURUSD,1.0,2012-05-28 03:00:43,1.25898
269,OPEN,SELL,EURUSD,1.0,2012-05-28 05:43:29,1.2603
269,CLOSE,SELL,EURUSD,1.0,2012-05-28 06:05:45,1.2596700000000001
268,CLOSE,SELL,EURUSD,1.0,2012-05-28 08:08:20,1.25752
270,OPEN,BUY,EURUSD,1.0,2012-05-29 07:05:08,1.2561899999999999
270,CLOSE,BUY,EURUSD,1.0,2012-05-29 09:14:52,1.25606
271,OPEN,SELL,EURUSD,1.0,2012-05-29 11:45:06,1.2521500000000001
271,CLOSE,SELL,EURUSD,1.0,2012-05-29 12:09:08,1.2521199999999999
272,OPEN,BUY,EURUSD,1.0,2012-05-30 01:38:54,1.24657
272,CLOSE,BUY,EURUSD,1.0,2012-05-30 06:31:35,1.24722
273,OPEN,BUY,EURUSD,1.0,2012-05-30 07:58:08,1.2458400000000001
274,OPEN,BUY,EURUSD,1.0,2012-05-30 09:12:22,1.2441599999999999
275,OPEN,BUY,EURUSD,1.0,2012-05-30 20:26:56,1.2367600000000001
275,CLOSE,BUY,EURUSD,1.0,2012-05-31 03:25:20,1.2374099999999999
274,CLOSE,BUY,EURUSD,1.0,2012-05-31 08:41:47,1.24146
273,CLOSE,BUY,EURUSD,1.0,2012-05-31 09:09:40,1.24203
276,OPEN,BUY,EURUSD,1.0,2012-06-01 00:56:46,1.23448
277,OPEN,BUY,EURUSD,1.0,2012-06-01 12:15:31,1.2322900000000001
278,OPEN,BUY,EURUSD,1.0,2012-06-01 12:31:23,1.22984
278,CLOSE,BUY,EURUSD,1.0,2012-06-01 13:27:29,1.23929
276,CLOSE,BUY,EURUSD,1.0,2012-06-01 13:28:27,1.2400100000000001
277,CLOSE,BUY,EURUSD,1.0,2012-06-01 13:32:16,1.24112
279,OPEN,BUY,EURUSD,1.0,2012-06-01 13:52:13,1.2410000000000001
280,OPEN,BUY,EURUSD,1.0,2012-06-01 13:57:47,1.23946
280,CLOSE,BUY,EURUSD,1.0,2012-06-01 14:01:03,1.2415799999999999
279,CLOSE,BUY,EURUSD,1.0,2012-06-01 14:10:18,1.2425900000000001
281,OPEN,BUY,EURUSD,1.0,2012-06-01 14:59:27,1.2364999999999999
281,CLOSE,BUY,EURUSD,1.0,2012-06-01 15:38:57,1.2382599999999999
282,OPEN,SELL,EURUSD,1.0,2012-06-04 13:38:33,1.2495099999999999
282,CLOSE,SELL,EURUSD,1.0,2012-06-04 13:43:44,1.2486999999999999
283,OPEN,SELL,EURUSD,1.0,2012-06-04 14:07:54,1.2490600000000001
284,OPEN,SELL,EURUSD,1.0,2012-06-05 00:07:06,1.2535700000000001
284,CLOSE,SELL,EURUSD,1.0,2012-06-05 06:41:33,1.2499400000000001
283,CLOSE,SELL,EURUSD,1.0,2012-06-05 06:49:41,1.2495099999999999
285,OPEN,SELL,EURUSD,1.0,2012-06-07 11:27:24,1.2585900000000001
285,CLOSE,SELL,EURUSD,1.0,2012-06-07 14:19:56,1.2562899999999999
286,OPEN,SELL,EURUSD,1.0,2012-06-10 21:39:35,1.266
287,OPEN,SELL,EURUSD,1.0,2012-06-11 05:37:38,1.2644500000000001
287,CLOSE,SELL,EURUSD,1.0,2012-06-11 06:16:35,1.2628600000000001
286,CLOSE,SELL,EURUSD,1.0,2012-06-11 07:25:10,1.2619400000000001
288,OPEN,BUY,EURUSD,1.0,2012-06-11 21:08:52,1.24746
289,OPEN,BUY,EURUSD,1.0,2012-06-11 22:10:31,1.24644
289,CLOSE,BUY,EURUSD,1.0,2012-06-11 22:40:17,1.24709
288,CLOSE,BUY,EURUSD,1.0,2012-06-11 23:56:05,1.2476499999999999
290,OPEN,SELL,EURUSD,1.0,2012-06-12 14:08:29,1.2456799999999999
290,CLOSE,SELL,EURUSD,1.0,2012-06-12 15:13:52,1.2478400000000001
291,OPEN,SELL,EURUSD,1.0,2012-06-13 11:50:20,1.25363
292,OPEN,SELL,EURUSD,1.0,2012-06-13 12:46:13,1.2537799999999999
291,CLOSE,SELL,EURUSD,1.0,2012-06-13 13:41:03,1.25241
292,CLOSE,SELL,EURUSD,1.0,2012-06-13 13:48:38,1.25278
293,OPEN,SELL,EURUSD,1.0,2012-06-13 15:37:00,1.2600899999999999
293,CLOSE,SELL,EURUSD,1.0,2012-06-13 15:51:49,1.25936
294,OPEN,SELL,EURUSD,1.0,2012-06-14 08:53:48,1.2545999999999999
294,CLOSE,SELL,EURUSD,1.0,2012-06-14 10:16:49,1.2565299999999999
295,OPEN,SELL,EURUSD,1.0,2012-06-14 21:38:46,1.26284
295,CLOSE,SELL,EURUSD,1.0,2012-06-15 00:49:11,1.26163
296,OPEN,SELL,EURUSD,1.0,2012-06-15 03:44:01,1.2639
296,CLOSE,SELL,EURUSD,1.0,2012-06-15 07:28:35,1.2625599999999999
297,OPEN,BUY,EURUSD,1.0,2012-06-18 12:38:43,1.2606599999999999
297,CLOSE,BUY,EURUSD,1.0,2012-06-18 14:23:10,1.2600899999999999
298,OPEN,SELL,EURUSD,1.0,2012-06-21 18:07:48,1.2564599999999999
298,CLOSE,SELL,EURUSD,1.0,2012-06-21 18:16:12,1.2561100000000001
299,OPEN,SELL,EURUSD,1.0,2012-06-22 10:34:45,1.2553700000000001
299,CLOSE,SELL,EURUSD,1.0,2012-06-25 05:39:23,1.25267
300,OPEN,SELL,EURUSD,1.0,2012-06-25 06:37:55,1.24993
301,OPEN,SELL,EURUSD,1.0,2012-06-25 06:40:47,1.25058
300,CLOSE,SELL,EURUSD,1.0,2012-06-25 09:21:34,1.2493000000000001
301,CLOSE,SELL,EURUSD,1.0,2012-06-25 09:25:01,1.2491699999999999
302,OPEN,SELL,EURUSD,1.0,2012-06-26 08:49:15,1.2487999999999999
302,CLOSE,SELL,EURUSD,1.0,2012-06-26 09:41:18,1.2498100000000001
303,OPEN,SELL,EURUSD,1.0,2012-06-26 12:18:26,1.24614
303,CLOSE,SELL,EURUSD,1.0,2012-06-26 12:53:23,1.24726
304,OPEN,SELL,EURUSD,1.0,2012-06-28 08:55:50,1.2426200000000001
305,OPEN,SELL,EURUSD,1.0,2012-06-28 09:07:06,1.2432300000000001
306,OPEN,SELL,EURUSD,1.0,2012-06-28 11:28:22,1.2448600000000001
306,CLOSE,SELL,EURUSD,1.0,2012-06-28 11:55:52,1.2431399999999999
305,CLOSE,SELL,EURUSD,1.0,2012-06-29 02:49:17,1.24716
304,CLOSE,SELL,EURUSD,1.0,2012-06-29 02:49:21,1.2470399999999999
307,OPEN,SELL,EURUSD,1.0,2012-06-29 03:02:51,1.26047
307,CLOSE,SELL,EURUSD,1.0,2012-06-29 03:03:40,1.2585
308,OPEN,BUY,EURUSD,1.0,2012-07-02 17:34:16,1.25851
308,CLOSE,BUY,EURUSD,1.0,2012-07-03 04:07:13,1.2601800000000001
309,OPEN,BUY,EURUSD,1.0,2012-07-06 07:02:45,1.2371099999999999
309,CLOSE,BUY,EURUSD,1.0,2012-07-06 08:00:08,1.2383
310,OPEN,BUY,EURUSD,1.0,2012-07-06 12:47:21,1.2354499999999999
310,CLOSE,BUY,EURUSD,1.0,2012-07-09 20:32:29,1.23193
311,OPEN,SELL,EURUSD,1.0,2012-07-09 20:32:34,1.2319199999999999
311,CLOSE,SELL,EURUSD,1.0,2012-07-10 00:55:35,1.2299
312,OPEN,BUY,EURUSD,1.0,2012-07-12 07:19:27,1.2223599999999999
313,OPEN,BUY,EURUSD,1.0,2012-07-12 10:18:38,1.2200800000000001
313,CLOSE,BUY,EURUSD,1.0,2012-07-13 03:32:35,1.22061
312,CLOSE,BUY,EURUSD,1.0,2012-07-13 14:01:30,1.22336
314,OPEN,SELL,EURUSD,1.0,2012-07-16 12:03:37,1.2185999999999999
314,CLOSE,SELL,EURUSD,1.0,2012-07-16 12:15:35,1.2179
315,OPEN,BUY,EURUSD,1.0,2012-07-17 14:33:18,1.2212700000000001
315,CLOSE,BUY,EURUSD,1.0,2012-07-17 15:04:11,1.22193
316,OPEN,SELL,EURUSD,1.0,2012-07-18 10:00:10,1.22333
316,CLOSE,SELL,EURUSD,1.0,2012-07-18 13:11:18,1.2222200000000001
317,OPEN,BUY,EURUSD,1.0,2012-08-02 11:52:16,1.2293499999999999
317,CLOSE,BUY,EURUSD,1.0,2012-08-02 12:02:39,1.2312000000000001
318,OPEN,SELL,EURUSD,1.0,2012-08-02 18:27:57,1.2168600000000001
319,OPEN,SELL,EURUSD,1.0,2012-08-03 07:34:24,1.22034
320,OPEN,SELL,EURUSD,1.0,2012-08-03 09:25:37,1.2220500000000001
321,OPEN,SELL,EURUSD,1.0,2012-08-03 09:27:06,1.2229399999999999
321,CLOSE,SELL,EURUSD,1.0,2012-08-03 12:06:39,1.22532
320,CLOSE,SELL,EURUSD,1.0,2012-08-03 12:06:44,1.22516
319,CLOSE,SELL,EURUSD,1.0,2012-08-03 12:07:01,1.2252400000000001
318,CLOSE,SELL,EURUSD,1.0,2012-08-03 12:08:59,1.22499
322,OPEN,SELL,EURUSD,1.0,2012-08-03 14:30:51,1.2340800000000001
323,OPEN,SELL,EURUSD,1.0,2012-08-03 15:06:12,1.23447
324,OPEN,SELL,EURUSD,1.0,2012-08-03 15:14:01,1.2354099999999999
325,OPEN,SELL,EURUSD,1.0,2012-08-03 15:19:08,1.23645
325,CLOSE,SELL,EURUSD,1.0,2012-08-06 07:04:21,1.23689
324,CLOSE,SELL,EURUSD,1.0,2012-08-06 07:04:25,1.23689
323,CLOSE,SELL,EURUSD,1.0,2012-08-06 07:22:13,1.2365299999999999
322,CLOSE,SELL,EURUSD,1.0,2012-08-06 07:39:13,1.2356
